run_id,sar_frame_index,optical_frame_index,sar_timestamp_ms,optical_timestamp_ms,timestamp_delta_ms,optical_curb_visible,sar_curb_visible,sar_curb_candidate_count,visual_confidence,ambiguity_reason,notes,visual_verdict,computed_verdict,provenance
R02ZF,0,0,0,0,0,True,True,3,LOW,OPTICAL_DRIVEWAY_CURVATURE_AND_MULTIPLE_SAR_BANDS,"Optical curb bends/branches at the driveway; SAR still has several line-like bands. This is frozen as an early-run negative control, not a detector-development case.",VISUAL_CURB_AMBIGUOUS_BRANCHING_SCENE_BOUNDARY,NOT_RUN_AT_VISUAL_FREEZE,DIRECT_MULTIFRAME_VISUAL_REVIEW_20260831
R02ZF,30,18,1000,1000,0,True,True,3,LOW,OPTICAL_DRIVEWAY_CURVATURE_AND_MULTIPLE_SAR_BANDS,"Optical curb bends/branches at the driveway; SAR still has several line-like bands. This is frozen as an early-run negative control, not a detector-development case.",VISUAL_CURB_AMBIGUOUS_BRANCHING_SCENE_BOUNDARY,NOT_RUN_AT_VISUAL_FREEZE,DIRECT_MULTIFRAME_VISUAL_REVIEW_20260831
R02ZF,60,36,2000,2000,0,True,True,3,LOW,OPTICAL_DRIVEWAY_CURVATURE_AND_MULTIPLE_SAR_BANDS,"Optical curb bends/branches at the driveway; SAR still has several line-like bands. This is frozen as an early-run negative control, not a detector-development case.",VISUAL_CURB_AMBIGUOUS_BRANCHING_SCENE_BOUNDARY,NOT_RUN_AT_VISUAL_FREEZE,DIRECT_MULTIFRAME_VISUAL_REVIEW_20260831
R02ZF,90,54,3000,3000,0,True,True,2,MEDIUM,FARTHER_PARALLEL_STATIC_RESPONSE_BANDS,Near road/sidewalk boundary is visually clear in optical. SAR contains a persistent lower-middle near-horizontal band plus at least one farther parallel band; physical identity is not yet assigned.,VISUAL_STATIC_BOUNDARY_PLAUSIBLE_SET_VALUED,NOT_RUN_AT_VISUAL_FREEZE,DIRECT_MULTIFRAME_VISUAL_REVIEW_20260831
R02ZF,95,57,3167,3167,0,True,True,2,MEDIUM,FARTHER_PARALLEL_STATIC_RESPONSE_BANDS,Near road/sidewalk boundary is visually clear in optical. SAR contains a persistent lower-middle near-horizontal band plus at least one farther parallel band; physical identity is not yet assigned.,VISUAL_STATIC_BOUNDARY_PLAUSIBLE_SET_VALUED,NOT_RUN_AT_VISUAL_FREEZE,DIRECT_MULTIFRAME_VISUAL_REVIEW_20260831
R02ZF,110,66,3667,3667,0,True,True,2,MEDIUM,FARTHER_PARALLEL_STATIC_RESPONSE_BANDS,Near road/sidewalk boundary is visually clear in optical. SAR contains a persistent lower-middle near-horizontal band plus at least one farther parallel band; physical identity is not yet assigned.,VISUAL_STATIC_BOUNDARY_PLAUSIBLE_SET_VALUED,NOT_RUN_AT_VISUAL_FREEZE,DIRECT_MULTIFRAME_VISUAL_REVIEW_20260831
R02ZF,120,72,4000,4000,0,True,True,2,MEDIUM,FARTHER_PARALLEL_STATIC_RESPONSE_BANDS,Near road/sidewalk boundary is visually clear in optical. SAR contains a persistent lower-middle near-horizontal band plus at least one farther parallel band; physical identity is not yet assigned.,VISUAL_STATIC_BOUNDARY_PLAUSIBLE_SET_VALUED,NOT_RUN_AT_VISUAL_FREEZE,DIRECT_MULTIFRAME_VISUAL_REVIEW_20260831
R02ZF,150,90,5000,5000,0,True,True,2,MEDIUM,FARTHER_PARALLEL_STATIC_RESPONSE_BANDS,Near road/sidewalk boundary is visually clear in optical. SAR contains a persistent lower-middle near-horizontal band plus at least one farther parallel band; physical identity is not yet assigned.,VISUAL_STATIC_BOUNDARY_PLAUSIBLE_SET_VALUED,NOT_RUN_AT_VISUAL_FREEZE,DIRECT_MULTIFRAME_VISUAL_REVIEW_20260831
R02ZF,155,93,5167,5167,0,True,True,2,MEDIUM,FARTHER_PARALLEL_STATIC_RESPONSE_BANDS,Near road/sidewalk boundary is visually clear in optical. SAR contains a persistent lower-middle near-horizontal band plus at least one farther parallel band; physical identity is not yet assigned.,VISUAL_STATIC_BOUNDARY_PLAUSIBLE_SET_VALUED,NOT_RUN_AT_VISUAL_FREEZE,DIRECT_MULTIFRAME_VISUAL_REVIEW_20260831
R02ZF,180,108,6000,6000,0,True,True,2,MEDIUM,FARTHER_PARALLEL_STATIC_RESPONSE_BANDS,Near road/sidewalk boundary is visually clear in optical. SAR contains a persistent lower-middle near-horizontal band plus at least one farther parallel band; physical identity is not yet assigned.,VISUAL_STATIC_BOUNDARY_PLAUSIBLE_SET_VALUED,NOT_RUN_AT_VISUAL_FREEZE,DIRECT_MULTIFRAME_VISUAL_REVIEW_20260831
R02ZF,210,126,7000,7000,0,True,True,2,MEDIUM,FARTHER_PARALLEL_STATIC_RESPONSE_BANDS,Near road/sidewalk boundary is visually clear in optical. SAR contains a persistent lower-middle near-horizontal band plus at least one farther parallel band; physical identity is not yet assigned.,VISUAL_STATIC_BOUNDARY_PLAUSIBLE_SET_VALUED,NOT_RUN_AT_VISUAL_FREEZE,DIRECT_MULTIFRAME_VISUAL_REVIEW_20260831
R02ZF,240,144,8000,8000,0,True,True,2,MEDIUM,FARTHER_PARALLEL_STATIC_RESPONSE_BANDS,Near road/sidewalk boundary is visually clear in optical. SAR contains a persistent lower-middle near-horizontal band plus at least one farther parallel band; physical identity is not yet assigned.,VISUAL_STATIC_BOUNDARY_PLAUSIBLE_SET_VALUED,NOT_RUN_AT_VISUAL_FREEZE,DIRECT_MULTIFRAME_VISUAL_REVIEW_20260831
R02ZF,260,156,8667,8667,0,True,True,2,MEDIUM,FARTHER_PARALLEL_STATIC_RESPONSE_BANDS,Near road/sidewalk boundary is visually clear in optical. SAR contains a persistent lower-middle near-horizontal band plus at least one farther parallel band; physical identity is not yet assigned.,VISUAL_STATIC_BOUNDARY_PLAUSIBLE_SET_VALUED,NOT_RUN_AT_VISUAL_FREEZE,DIRECT_MULTIFRAME_VISUAL_REVIEW_20260831
R02ZF,270,162,9000,9000,0,True,True,2,MEDIUM,FARTHER_PARALLEL_STATIC_RESPONSE_BANDS,Near road/sidewalk boundary is visually clear in optical. SAR contains a persistent lower-middle near-horizontal band plus at least one farther parallel band; physical identity is not yet assigned.,VISUAL_STATIC_BOUNDARY_PLAUSIBLE_SET_VALUED,NOT_RUN_AT_VISUAL_FREEZE,DIRECT_MULTIFRAME_VISUAL_REVIEW_20260831
R02ZF,300,180,10000,10000,0,True,True,2,MEDIUM,FARTHER_PARALLEL_STATIC_RESPONSE_BANDS,Near road/sidewalk boundary is visually clear in optical. SAR contains a persistent lower-middle near-horizontal band plus at least one farther parallel band; physical identity is not yet assigned.,VISUAL_STATIC_BOUNDARY_PLAUSIBLE_SET_VALUED,NOT_RUN_AT_VISUAL_FREEZE,DIRECT_MULTIFRAME_VISUAL_REVIEW_20260831
R02ZF,330,198,11000,11000,0,True,True,2,MEDIUM,FARTHER_PARALLEL_STATIC_RESPONSE_BANDS,Near road/sidewalk boundary is visually clear in optical. SAR contains a persistent lower-middle near-horizontal band plus at least one farther parallel band; physical identity is not yet assigned.,VISUAL_STATIC_BOUNDARY_PLAUSIBLE_SET_VALUED,NOT_RUN_AT_VISUAL_FREEZE,DIRECT_MULTIFRAME_VISUAL_REVIEW_20260831
R02ZF,345,207,11500,11500,0,True,True,2,MEDIUM,FARTHER_PARALLEL_STATIC_RESPONSE_BANDS,Near road/sidewalk boundary is visually clear in optical. SAR contains a persistent lower-middle near-horizontal band plus at least one farther parallel band; physical identity is not yet assigned.,VISUAL_STATIC_BOUNDARY_PLAUSIBLE_SET_VALUED,NOT_RUN_AT_VISUAL_FREEZE,DIRECT_MULTIFRAME_VISUAL_REVIEW_20260831
R02ZF,360,216,12000,12000,0,True,True,2,MEDIUM,FARTHER_PARALLEL_STATIC_RESPONSE_BANDS,Near road/sidewalk boundary is visually clear in optical. SAR contains a persistent lower-middle near-horizontal band plus at least one farther parallel band; physical identity is not yet assigned.,VISUAL_STATIC_BOUNDARY_PLAUSIBLE_SET_VALUED,NOT_RUN_AT_VISUAL_FREEZE,DIRECT_MULTIFRAME_VISUAL_REVIEW_20260831
R02ZF,375,225,12500,12500,0,True,True,3,LOW,PASSING_VEHICLE_OCCLUSION_AND_STRONG_NEAR_RANGE_REFLECTION,A passing white vehicle occludes the optical curb and creates strong near-range SAR arcs/ridges that can be mistaken for the static boundary.,VISUAL_CURB_AMBIGUOUS_DYNAMIC_VEHICLE_CONFOUNDER,NOT_RUN_AT_VISUAL_FREEZE,DIRECT_MULTIFRAME_VISUAL_REVIEW_20260831
R02ZF,380,228,12667,12667,0,True,True,2,MEDIUM,FARTHER_PARALLEL_STATIC_RESPONSE_BANDS,Near road/sidewalk boundary is visually clear in optical. SAR contains a persistent lower-middle near-horizontal band plus at least one farther parallel band; physical identity is not yet assigned.,VISUAL_STATIC_BOUNDARY_PLAUSIBLE_SET_VALUED,NOT_RUN_AT_VISUAL_FREEZE,DIRECT_MULTIFRAME_VISUAL_REVIEW_20260831
R02ZF,390,234,13000,13000,0,False,True,3,LOW,PASSING_VEHICLE_OCCLUSION_AND_STRONG_NEAR_RANGE_REFLECTION,A passing white vehicle occludes the optical curb and creates strong near-range SAR arcs/ridges that can be mistaken for the static boundary.,VISUAL_CURB_AMBIGUOUS_DYNAMIC_VEHICLE_CONFOUNDER,NOT_RUN_AT_VISUAL_FREEZE,DIRECT_MULTIFRAME_VISUAL_REVIEW_20260831
R02ZF,405,243,13500,13500,0,False,True,3,LOW,PASSING_VEHICLE_OCCLUSION_AND_STRONG_NEAR_RANGE_REFLECTION,A passing white vehicle occludes the optical curb and creates strong near-range SAR arcs/ridges that can be mistaken for the static boundary.,VISUAL_CURB_AMBIGUOUS_DYNAMIC_VEHICLE_CONFOUNDER,NOT_RUN_AT_VISUAL_FREEZE,DIRECT_MULTIFRAME_VISUAL_REVIEW_20260831
R02ZF,414,248,13800,13778,-22,True,True,3,LOW,PASSING_VEHICLE_OCCLUSION_AND_STRONG_NEAR_RANGE_REFLECTION,A passing white vehicle occludes the optical curb and creates strong near-range SAR arcs/ridges that can be mistaken for the static boundary.,VISUAL_CURB_AMBIGUOUS_DYNAMIC_VEHICLE_CONFOUNDER,NOT_RUN_AT_VISUAL_FREEZE,DIRECT_MULTIFRAME_VISUAL_REVIEW_20260831
R02ZF,421,253,14033,14056,23,True,True,2,MEDIUM_HIGH,FARTHER_PARALLEL_STATIC_RESPONSE_BANDS,"Primary stable-window case. Optical near roadside curb is clear. SAR lower-middle near-horizontal static band is persistent, but farther parallel structures remain a physical-identity confounder.",VISUAL_PRIMARY_WINDOW_STATIC_BOUNDARY_PLAUSIBLE_SET_VALUED,NOT_RUN_AT_VISUAL_FREEZE,DIRECT_MULTIFRAME_VISUAL_REVIEW_20260831
R02ZF,428,257,14267,14278,11,True,True,2,MEDIUM_HIGH,FARTHER_PARALLEL_STATIC_RESPONSE_BANDS,"Primary stable-window case. Optical near roadside curb is clear. SAR lower-middle near-horizontal static band is persistent, but farther parallel structures remain a physical-identity confounder.",VISUAL_PRIMARY_WINDOW_STATIC_BOUNDARY_PLAUSIBLE_SET_VALUED,NOT_RUN_AT_VISUAL_FREEZE,DIRECT_MULTIFRAME_VISUAL_REVIEW_20260831
R02ZF,435,261,14500,14500,0,True,True,2,MEDIUM_HIGH,FARTHER_PARALLEL_STATIC_RESPONSE_BANDS,"Primary stable-window case. Optical near roadside curb is clear. SAR lower-middle near-horizontal static band is persistent, but farther parallel structures remain a physical-identity confounder.",VISUAL_PRIMARY_WINDOW_STATIC_BOUNDARY_PLAUSIBLE_SET_VALUED,NOT_RUN_AT_VISUAL_FREEZE,DIRECT_MULTIFRAME_VISUAL_REVIEW_20260831
R02ZF,442,265,14733,14722,-11,True,True,2,MEDIUM_HIGH,FARTHER_PARALLEL_STATIC_RESPONSE_BANDS,"Primary stable-window case. Optical near roadside curb is clear. SAR lower-middle near-horizontal static band is persistent, but farther parallel structures remain a physical-identity confounder.",VISUAL_PRIMARY_WINDOW_STATIC_BOUNDARY_PLAUSIBLE_SET_VALUED,NOT_RUN_AT_VISUAL_FREEZE,DIRECT_MULTIFRAME_VISUAL_REVIEW_20260831
R02ZF,450,270,15000,15000,0,True,True,2,MEDIUM_HIGH,FARTHER_PARALLEL_STATIC_RESPONSE_BANDS,"Primary stable-window case. Optical near roadside curb is clear. SAR lower-middle near-horizontal static band is persistent, but farther parallel structures remain a physical-identity confounder.",VISUAL_PRIMARY_WINDOW_STATIC_BOUNDARY_PLAUSIBLE_SET_VALUED,NOT_RUN_AT_VISUAL_FREEZE,DIRECT_MULTIFRAME_VISUAL_REVIEW_20260831
R02ZF,456,274,15200,15222,22,True,True,2,MEDIUM_HIGH,FARTHER_PARALLEL_STATIC_RESPONSE_BANDS,"Primary stable-window case. Optical near roadside curb is clear. SAR lower-middle near-horizontal static band is persistent, but farther parallel structures remain a physical-identity confounder.",VISUAL_PRIMARY_WINDOW_STATIC_BOUNDARY_PLAUSIBLE_SET_VALUED,NOT_RUN_AT_VISUAL_FREEZE,DIRECT_MULTIFRAME_VISUAL_REVIEW_20260831
R02ZF,462,277,15400,15389,-11,True,True,2,MEDIUM_HIGH,FARTHER_PARALLEL_STATIC_RESPONSE_BANDS,"Primary stable-window case. Optical near roadside curb is clear. SAR lower-middle near-horizontal static band is persistent, but farther parallel structures remain a physical-identity confounder.",VISUAL_PRIMARY_WINDOW_STATIC_BOUNDARY_PLAUSIBLE_SET_VALUED,NOT_RUN_AT_VISUAL_FREEZE,DIRECT_MULTIFRAME_VISUAL_REVIEW_20260831
R02ZF,468,281,15600,15611,11,True,True,2,MEDIUM_HIGH,FARTHER_PARALLEL_STATIC_RESPONSE_BANDS,"Primary stable-window case. Optical near roadside curb is clear. SAR lower-middle near-horizontal static band is persistent, but farther parallel structures remain a physical-identity confounder.",VISUAL_PRIMARY_WINDOW_STATIC_BOUNDARY_PLAUSIBLE_SET_VALUED,NOT_RUN_AT_VISUAL_FREEZE,DIRECT_MULTIFRAME_VISUAL_REVIEW_20260831
R02ZF,472,283,15733,15722,-11,True,True,2,MEDIUM_HIGH,FARTHER_PARALLEL_STATIC_RESPONSE_BANDS,"Primary stable-window case. Optical near roadside curb is clear. SAR lower-middle near-horizontal static band is persistent, but farther parallel structures remain a physical-identity confounder.",VISUAL_PRIMARY_WINDOW_STATIC_BOUNDARY_PLAUSIBLE_SET_VALUED,NOT_RUN_AT_VISUAL_FREEZE,DIRECT_MULTIFRAME_VISUAL_REVIEW_20260831
R02ZF,474,284,15800,15778,-22,True,True,2,MEDIUM_HIGH,FARTHER_PARALLEL_STATIC_RESPONSE_BANDS,"Primary stable-window case. Optical near roadside curb is clear. SAR lower-middle near-horizontal static band is persistent, but farther parallel structures remain a physical-identity confounder.",VISUAL_PRIMARY_WINDOW_STATIC_BOUNDARY_PLAUSIBLE_SET_VALUED,NOT_RUN_AT_VISUAL_FREEZE,DIRECT_MULTIFRAME_VISUAL_REVIEW_20260831
R02ZF,480,288,16000,16000,0,True,False,0,LOW,FRAME_LEVEL_DISPLAY_RESPONSE_COLLAPSE,"Optical curb is clear, but the SAR pseudocolor response is globally weak/dark.",VISUAL_CURB_UNAVAILABLE_WEAK_SAR_FRAME,NOT_RUN_AT_VISUAL_FREEZE,DIRECT_MULTIFRAME_VISUAL_REVIEW_20260831
R02ZF,482,289,16067,16056,-11,True,True,2,MEDIUM,FARTHER_PARALLEL_STATIC_RESPONSE_BANDS,Near road/sidewalk boundary is visually clear in optical. SAR contains a persistent lower-middle near-horizontal band plus at least one farther parallel band; physical identity is not yet assigned.,VISUAL_STATIC_BOUNDARY_PLAUSIBLE_SET_VALUED,NOT_RUN_AT_VISUAL_FREEZE,DIRECT_MULTIFRAME_VISUAL_REVIEW_20260831
R02ZF,486,292,16200,16222,22,True,True,3,LOW,MULTIPLE_STRONG_NEAR_CONCENTRIC_OR_PARALLEL_ARCS,Several strong near-range arcs coexist with the expected horizontal static band; single-line selection would be unsafe.,VISUAL_CURB_AMBIGUOUS_MULTIPLE_STRONG_ARCS,NOT_RUN_AT_VISUAL_FREEZE,DIRECT_MULTIFRAME_VISUAL_REVIEW_20260831
R02ZF,488,293,16267,16278,11,True,True,3,LOW,MULTIPLE_STRONG_NEAR_CONCENTRIC_OR_PARALLEL_ARCS,Several strong near-range arcs coexist with the expected horizontal static band; single-line selection would be unsafe.,VISUAL_CURB_AMBIGUOUS_MULTIPLE_STRONG_ARCS,NOT_RUN_AT_VISUAL_FREEZE,DIRECT_MULTIFRAME_VISUAL_REVIEW_20260831
R02ZF,492,295,16400,16389,-11,True,True,2,MEDIUM,FARTHER_PARALLEL_STATIC_RESPONSE_BANDS,Near road/sidewalk boundary is visually clear in optical. SAR contains a persistent lower-middle near-horizontal band plus at least one farther parallel band; physical identity is not yet assigned.,VISUAL_STATIC_BOUNDARY_PLAUSIBLE_SET_VALUED,NOT_RUN_AT_VISUAL_FREEZE,DIRECT_MULTIFRAME_VISUAL_REVIEW_20260831
R02ZF,494,296,16467,16444,-23,True,True,2,MEDIUM,FARTHER_PARALLEL_STATIC_RESPONSE_BANDS,Near road/sidewalk boundary is visually clear in optical. SAR contains a persistent lower-middle near-horizontal band plus at least one farther parallel band; physical identity is not yet assigned.,VISUAL_STATIC_BOUNDARY_PLAUSIBLE_SET_VALUED,NOT_RUN_AT_VISUAL_FREEZE,DIRECT_MULTIFRAME_VISUAL_REVIEW_20260831
