event_id,run_id,mode,frame_index,hypothesis_id,runtime_optical_fragment_id,previous_state,new_state,transition_evidence,segment_generated_from_stream
TERGR2E_F5EC997A95FCF6A23AB9,R01ZF,CAUSAL_REPLAY,0,TERGR2H_4988772BAC24EBCC8B2E,R01ZF_REUSED_R01ZF_PERSON001,UNSEEN,ADMISSION_PENDING,FIRST_FRAGMENT_OBSERVATION_ONLY,True
TERGR2E_9E6A87D785EBC0318C94,R01ZF,CAUSAL_REPLAY,2,TERGR2H_4988772BAC24EBCC8B2E,R01ZF_REUSED_R01ZF_PERSON001,ADMISSION_PENDING,ACTIVE_AMBIGUOUS,MULTIPLE_RUNTIME_LEGAL_SAR_EXPLANATION_FAMILIES,True
TERGR2E_A768DF7D375E8F679A2E,R01ZF,CAUSAL_REPLAY,94,TERGR2H_4988772BAC24EBCC8B2E,R01ZF_REUSED_R01ZF_PERSON001,ACTIVE_AMBIGUOUS,CENSORED_AT_BOUNDARY,LAST_OPTICAL_OBSERVATION_TOUCHES_BOUNDARY_DIRECTION_OF_CROSSING_UNRESOLVED,True
TERGR2E_03E6F77F6A59F571BBB7,R01ZF,FIXED_LAG_100MS,0,TERGR2H_4988772BAC24EBCC8B2E,R01ZF_REUSED_R01ZF_PERSON001,UNSEEN,ACTIVE_AMBIGUOUS,OPTICAL_CONTINUITY_BUT_SAR_P0_CONTINUITY_INTERFACE_UNAVAILABLE,True
TERGR2E_BCF113201D79E3706F1C,R01ZF,FIXED_LAG_100MS,94,TERGR2H_4988772BAC24EBCC8B2E,R01ZF_REUSED_R01ZF_PERSON001,ACTIVE_AMBIGUOUS,CENSORED_AT_BOUNDARY,LAST_OPTICAL_OBSERVATION_TOUCHES_BOUNDARY_DIRECTION_OF_CROSSING_UNRESOLVED,True
TERGR2E_4DD0ADEB3DC770BD77A2,R01ZF,FULL_CONTEXT_OFFLINE,0,TERGR2H_4988772BAC24EBCC8B2E,R01ZF_REUSED_R01ZF_PERSON001,UNSEEN,ACTIVE_AMBIGUOUS,OPTICAL_CONTINUITY_BUT_SAR_P0_CONTINUITY_INTERFACE_UNAVAILABLE,True
TERGR2E_DB153F2D7F95DED1EE5A,R01ZF,FULL_CONTEXT_OFFLINE,94,TERGR2H_4988772BAC24EBCC8B2E,R01ZF_REUSED_R01ZF_PERSON001,ACTIVE_AMBIGUOUS,CENSORED_AT_BOUNDARY,LAST_OPTICAL_OBSERVATION_TOUCHES_BOUNDARY_DIRECTION_OF_CROSSING_UNRESOLVED,True
TERGR2E_1DE6E7A075BA90201961,R01ZF,CAUSAL_REPLAY,0,TERGR2H_05464B22F990466B2DF2,R01ZF_REUSED_R01ZF_PERSON002,UNSEEN,ADMISSION_PENDING,FIRST_FRAGMENT_OBSERVATION_ONLY,True
TERGR2E_D9425CF2424D87DCFCFA,R01ZF,CAUSAL_REPLAY,2,TERGR2H_05464B22F990466B2DF2,R01ZF_REUSED_R01ZF_PERSON002,ADMISSION_PENDING,ACTIVE_AMBIGUOUS,MULTIPLE_RUNTIME_LEGAL_SAR_EXPLANATION_FAMILIES,True
TERGR2E_A6A192DF5056B9CC3AAD,R01ZF,CAUSAL_REPLAY,91,TERGR2H_05464B22F990466B2DF2,R01ZF_REUSED_R01ZF_PERSON002,ACTIVE_AMBIGUOUS,CENSORED_AT_BOUNDARY,LAST_OPTICAL_OBSERVATION_TOUCHES_BOUNDARY_DIRECTION_OF_CROSSING_UNRESOLVED,True
TERGR2E_5857C1BCB8BB44760C7B,R01ZF,FIXED_LAG_100MS,0,TERGR2H_05464B22F990466B2DF2,R01ZF_REUSED_R01ZF_PERSON002,UNSEEN,ACTIVE_AMBIGUOUS,OPTICAL_CONTINUITY_BUT_SAR_P0_CONTINUITY_INTERFACE_UNAVAILABLE,True
TERGR2E_8FE45CAAAF5EF3760851,R01ZF,FIXED_LAG_100MS,91,TERGR2H_05464B22F990466B2DF2,R01ZF_REUSED_R01ZF_PERSON002,ACTIVE_AMBIGUOUS,CENSORED_AT_BOUNDARY,LAST_OPTICAL_OBSERVATION_TOUCHES_BOUNDARY_DIRECTION_OF_CROSSING_UNRESOLVED,True
TERGR2E_2D96448313C4BA2A17EF,R01ZF,FULL_CONTEXT_OFFLINE,0,TERGR2H_05464B22F990466B2DF2,R01ZF_REUSED_R01ZF_PERSON002,UNSEEN,ACTIVE_AMBIGUOUS,OPTICAL_CONTINUITY_BUT_SAR_P0_CONTINUITY_INTERFACE_UNAVAILABLE,True
TERGR2E_BDCAD777045B5D76C804,R01ZF,FULL_CONTEXT_OFFLINE,91,TERGR2H_05464B22F990466B2DF2,R01ZF_REUSED_R01ZF_PERSON002,ACTIVE_AMBIGUOUS,CENSORED_AT_BOUNDARY,LAST_OPTICAL_OBSERVATION_TOUCHES_BOUNDARY_DIRECTION_OF_CROSSING_UNRESOLVED,True
TERGR2E_1A8357924308A4C2073A,R01ZF,CAUSAL_REPLAY,17,TERGR2H_BB83239BEB36620583D4,R01ZF_REUSED_R01ZF_PERSON003,UNSEEN,ADMISSION_PENDING,FIRST_FRAGMENT_OBSERVATION_ONLY,True
TERGR2E_D1E372DF258289B2E6B2,R01ZF,CAUSAL_REPLAY,19,TERGR2H_BB83239BEB36620583D4,R01ZF_REUSED_R01ZF_PERSON003,ADMISSION_PENDING,ACTIVE_AMBIGUOUS,MULTIPLE_RUNTIME_LEGAL_SAR_EXPLANATION_FAMILIES,True
TERGR2E_A4A419F7ECE82DC9672B,R01ZF,CAUSAL_REPLAY,123,TERGR2H_BB83239BEB36620583D4,R01ZF_REUSED_R01ZF_PERSON003,ACTIVE_AMBIGUOUS,CENSORED_AT_BOUNDARY,LAST_OPTICAL_OBSERVATION_TOUCHES_BOUNDARY_DIRECTION_OF_CROSSING_UNRESOLVED,True
TERGR2E_5788EAADA00F6BF09B27,R01ZF,FIXED_LAG_100MS,17,TERGR2H_BB83239BEB36620583D4,R01ZF_REUSED_R01ZF_PERSON003,UNSEEN,ACTIVE_AMBIGUOUS,MULTIPLE_RUNTIME_LEGAL_SAR_EXPLANATION_FAMILIES,True
TERGR2E_EBBEB301BC6DE46AE5E8,R01ZF,FIXED_LAG_100MS,123,TERGR2H_BB83239BEB36620583D4,R01ZF_REUSED_R01ZF_PERSON003,ACTIVE_AMBIGUOUS,CENSORED_AT_BOUNDARY,LAST_OPTICAL_OBSERVATION_TOUCHES_BOUNDARY_DIRECTION_OF_CROSSING_UNRESOLVED,True
TERGR2E_B45B1E5B0C30A359A627,R01ZF,FULL_CONTEXT_OFFLINE,17,TERGR2H_BB83239BEB36620583D4,R01ZF_REUSED_R01ZF_PERSON003,UNSEEN,ACTIVE_AMBIGUOUS,MULTIPLE_RUNTIME_LEGAL_SAR_EXPLANATION_FAMILIES,True
TERGR2E_6BE52466FA4A54DA1ABE,R01ZF,FULL_CONTEXT_OFFLINE,123,TERGR2H_BB83239BEB36620583D4,R01ZF_REUSED_R01ZF_PERSON003,ACTIVE_AMBIGUOUS,CENSORED_AT_BOUNDARY,LAST_OPTICAL_OBSERVATION_TOUCHES_BOUNDARY_DIRECTION_OF_CROSSING_UNRESOLVED,True
TERGR2E_BD2CBEC99805A899568D,R01ZF,CAUSAL_REPLAY,123,TERGR2H_52700F11D772CA6C2619,R01ZF_REUSED_R01ZF_PERSON100001,UNSEEN,ADMISSION_PENDING,FIRST_FRAGMENT_OBSERVATION_ONLY,True
TERGR2E_5A8F70CB6DE350A5D164,R01ZF,CAUSAL_REPLAY,124,TERGR2H_52700F11D772CA6C2619,R01ZF_REUSED_R01ZF_PERSON100001,ADMISSION_PENDING,CENSORED_AT_BOUNDARY,LAST_OPTICAL_OBSERVATION_TOUCHES_BOUNDARY_DIRECTION_OF_CROSSING_UNRESOLVED,True
TERGR2E_F19ED4A44086ECDD4C16,R01ZF,FIXED_LAG_100MS,123,TERGR2H_52700F11D772CA6C2619,R01ZF_REUSED_R01ZF_PERSON100001,UNSEEN,ADMISSION_PENDING,FIRST_FRAGMENT_OBSERVATION_ONLY,True
TERGR2E_75E7796402BA5BE482EC,R01ZF,FIXED_LAG_100MS,124,TERGR2H_52700F11D772CA6C2619,R01ZF_REUSED_R01ZF_PERSON100001,ADMISSION_PENDING,CENSORED_AT_BOUNDARY,LAST_OPTICAL_OBSERVATION_TOUCHES_BOUNDARY_DIRECTION_OF_CROSSING_UNRESOLVED,True
TERGR2E_57AD9B05376C1B09733C,R01ZF,FULL_CONTEXT_OFFLINE,123,TERGR2H_52700F11D772CA6C2619,R01ZF_REUSED_R01ZF_PERSON100001,UNSEEN,ADMISSION_PENDING,FIRST_FRAGMENT_OBSERVATION_ONLY,True
TERGR2E_23BA06AA76DBD22F934D,R01ZF,FULL_CONTEXT_OFFLINE,124,TERGR2H_52700F11D772CA6C2619,R01ZF_REUSED_R01ZF_PERSON100001,ADMISSION_PENDING,CENSORED_AT_BOUNDARY,LAST_OPTICAL_OBSERVATION_TOUCHES_BOUNDARY_DIRECTION_OF_CROSSING_UNRESOLVED,True
TERGR2E_E5D8979FBD2DEFE68343,R01ZF,CAUSAL_REPLAY,123,TERGR2H_CBD75B49F554F833C0C0,R01ZF_REUSED_R01ZF_PERSON100002,UNSEEN,ADMISSION_PENDING,FIRST_FRAGMENT_OBSERVATION_ONLY,True
TERGR2E_53883D289B80C0DF91A9,R01ZF,CAUSAL_REPLAY,124,TERGR2H_CBD75B49F554F833C0C0,R01ZF_REUSED_R01ZF_PERSON100002,ADMISSION_PENDING,CENSORED_AT_BOUNDARY,LAST_OPTICAL_OBSERVATION_TOUCHES_BOUNDARY_DIRECTION_OF_CROSSING_UNRESOLVED,True
TERGR2E_E68D35433D0471EDECED,R01ZF,FIXED_LAG_100MS,123,TERGR2H_CBD75B49F554F833C0C0,R01ZF_REUSED_R01ZF_PERSON100002,UNSEEN,ADMISSION_PENDING,FIRST_FRAGMENT_OBSERVATION_ONLY,True
TERGR2E_E709E06061BBAA8A7B5A,R01ZF,FIXED_LAG_100MS,124,TERGR2H_CBD75B49F554F833C0C0,R01ZF_REUSED_R01ZF_PERSON100002,ADMISSION_PENDING,CENSORED_AT_BOUNDARY,LAST_OPTICAL_OBSERVATION_TOUCHES_BOUNDARY_DIRECTION_OF_CROSSING_UNRESOLVED,True
TERGR2E_ED23C4DDD737704BDE8B,R01ZF,FULL_CONTEXT_OFFLINE,123,TERGR2H_CBD75B49F554F833C0C0,R01ZF_REUSED_R01ZF_PERSON100002,UNSEEN,ADMISSION_PENDING,FIRST_FRAGMENT_OBSERVATION_ONLY,True
TERGR2E_D7F89337568CB832B7F5,R01ZF,FULL_CONTEXT_OFFLINE,124,TERGR2H_CBD75B49F554F833C0C0,R01ZF_REUSED_R01ZF_PERSON100002,ADMISSION_PENDING,CENSORED_AT_BOUNDARY,LAST_OPTICAL_OBSERVATION_TOUCHES_BOUNDARY_DIRECTION_OF_CROSSING_UNRESOLVED,True
TERGR2E_7839FD6F0CFB5C41F7B0,R01ZF,CAUSAL_REPLAY,258,TERGR2H_3AAF2B892A1357290595,R01ZF_REUSED_R01ZF_PERSON100003,UNSEEN,ADMISSION_PENDING,FIRST_FRAGMENT_OBSERVATION_ONLY,True
TERGR2E_0B2AE4BC08CCFE2B0774,R01ZF,CAUSAL_REPLAY,259,TERGR2H_3AAF2B892A1357290595,R01ZF_REUSED_R01ZF_PERSON100003,ADMISSION_PENDING,DORMANT,RAW_FRAGMENT_ENDED_WITHOUT_SEMANTIC_PHYSICAL_CLOSURE,True
TERGR2E_E7ED9A3769EA96366970,R01ZF,CAUSAL_REPLAY,494,TERGR2H_3AAF2B892A1357290595,R01ZF_REUSED_R01ZF_PERSON100003,DORMANT,CENSORED_AT_STREAM_END,RUN_ENDED_BEFORE_SEMANTIC_CLOSURE,True
TERGR2E_F869D80DF9BA9D846BEA,R01ZF,FIXED_LAG_100MS,258,TERGR2H_3AAF2B892A1357290595,R01ZF_REUSED_R01ZF_PERSON100003,UNSEEN,ADMISSION_PENDING,FIRST_FRAGMENT_OBSERVATION_ONLY,True
TERGR2E_068E034A6AF178929BDF,R01ZF,FIXED_LAG_100MS,259,TERGR2H_3AAF2B892A1357290595,R01ZF_REUSED_R01ZF_PERSON100003,ADMISSION_PENDING,DORMANT,RAW_FRAGMENT_ENDED_WITHOUT_SEMANTIC_PHYSICAL_CLOSURE,True
TERGR2E_AFC27EF4B1B117B4A5E0,R01ZF,FIXED_LAG_100MS,494,TERGR2H_3AAF2B892A1357290595,R01ZF_REUSED_R01ZF_PERSON100003,DORMANT,CENSORED_AT_STREAM_END,RUN_ENDED_BEFORE_SEMANTIC_CLOSURE,True
TERGR2E_64662235710FAAE79D8B,R01ZF,FULL_CONTEXT_OFFLINE,258,TERGR2H_3AAF2B892A1357290595,R01ZF_REUSED_R01ZF_PERSON100003,UNSEEN,ADMISSION_PENDING,FIRST_FRAGMENT_OBSERVATION_ONLY,True
TERGR2E_79711F38F8C22E0988B9,R01ZF,FULL_CONTEXT_OFFLINE,259,TERGR2H_3AAF2B892A1357290595,R01ZF_REUSED_R01ZF_PERSON100003,ADMISSION_PENDING,DORMANT,RAW_FRAGMENT_ENDED_WITHOUT_SEMANTIC_PHYSICAL_CLOSURE,True
TERGR2E_41C146D103052D74375B,R01ZF,FULL_CONTEXT_OFFLINE,494,TERGR2H_3AAF2B892A1357290595,R01ZF_REUSED_R01ZF_PERSON100003,DORMANT,CENSORED_AT_STREAM_END,RUN_ENDED_BEFORE_SEMANTIC_CLOSURE,True
TERGR2E_B57A3451D6318BDA6270,R01ZF,CAUSAL_REPLAY,258,TERGR2H_A699C433A45C3B927B32,R01ZF_REUSED_R01ZF_PERSON100004,UNSEEN,ADMISSION_PENDING,FIRST_FRAGMENT_OBSERVATION_ONLY,True
TERGR2E_A3ED21D79F88E3E60480,R01ZF,CAUSAL_REPLAY,259,TERGR2H_A699C433A45C3B927B32,R01ZF_REUSED_R01ZF_PERSON100004,ADMISSION_PENDING,DORMANT,RAW_FRAGMENT_ENDED_WITHOUT_SEMANTIC_PHYSICAL_CLOSURE,True
TERGR2E_6B0C2E8024FFD98FC4FF,R01ZF,CAUSAL_REPLAY,494,TERGR2H_A699C433A45C3B927B32,R01ZF_REUSED_R01ZF_PERSON100004,DORMANT,CENSORED_AT_STREAM_END,RUN_ENDED_BEFORE_SEMANTIC_CLOSURE,True
TERGR2E_E76C8B69064388A6DCA1,R01ZF,FIXED_LAG_100MS,258,TERGR2H_A699C433A45C3B927B32,R01ZF_REUSED_R01ZF_PERSON100004,UNSEEN,ADMISSION_PENDING,FIRST_FRAGMENT_OBSERVATION_ONLY,True
TERGR2E_FF7C80A897A46AA2A42E,R01ZF,FIXED_LAG_100MS,259,TERGR2H_A699C433A45C3B927B32,R01ZF_REUSED_R01ZF_PERSON100004,ADMISSION_PENDING,DORMANT,RAW_FRAGMENT_ENDED_WITHOUT_SEMANTIC_PHYSICAL_CLOSURE,True
TERGR2E_29782A6A7A72FFB2B4A9,R01ZF,FIXED_LAG_100MS,494,TERGR2H_A699C433A45C3B927B32,R01ZF_REUSED_R01ZF_PERSON100004,DORMANT,CENSORED_AT_STREAM_END,RUN_ENDED_BEFORE_SEMANTIC_CLOSURE,True
TERGR2E_C967DDE254DBF53E036E,R01ZF,FULL_CONTEXT_OFFLINE,258,TERGR2H_A699C433A45C3B927B32,R01ZF_REUSED_R01ZF_PERSON100004,UNSEEN,ADMISSION_PENDING,FIRST_FRAGMENT_OBSERVATION_ONLY,True
TERGR2E_478CEA0562C0BC2D4660,R01ZF,FULL_CONTEXT_OFFLINE,259,TERGR2H_A699C433A45C3B927B32,R01ZF_REUSED_R01ZF_PERSON100004,ADMISSION_PENDING,DORMANT,RAW_FRAGMENT_ENDED_WITHOUT_SEMANTIC_PHYSICAL_CLOSURE,True
TERGR2E_D89B42699ABA84C6A05C,R01ZF,FULL_CONTEXT_OFFLINE,494,TERGR2H_A699C433A45C3B927B32,R01ZF_REUSED_R01ZF_PERSON100004,DORMANT,CENSORED_AT_STREAM_END,RUN_ENDED_BEFORE_SEMANTIC_CLOSURE,True
TERGR2E_1FE5CB09A44DFAD9E4B7,R01ZF,CAUSAL_REPLAY,260,TERGR2H_9B283E544DD9CA0EF10B,R01ZF_REUSED_R01ZF_PERSON100005,UNSEEN,ADMISSION_PENDING,FIRST_FRAGMENT_OBSERVATION_ONLY,True
TERGR2E_7B934678E923F80D2586,R01ZF,CAUSAL_REPLAY,261,TERGR2H_9B283E544DD9CA0EF10B,R01ZF_REUSED_R01ZF_PERSON100005,ADMISSION_PENDING,DORMANT,RAW_FRAGMENT_ENDED_WITHOUT_SEMANTIC_PHYSICAL_CLOSURE,True
TERGR2E_A91BC34BC08F8CC5E75A,R01ZF,CAUSAL_REPLAY,494,TERGR2H_9B283E544DD9CA0EF10B,R01ZF_REUSED_R01ZF_PERSON100005,DORMANT,CENSORED_AT_STREAM_END,RUN_ENDED_BEFORE_SEMANTIC_CLOSURE,True
TERGR2E_AA7AD36131E0865630C0,R01ZF,FIXED_LAG_100MS,260,TERGR2H_9B283E544DD9CA0EF10B,R01ZF_REUSED_R01ZF_PERSON100005,UNSEEN,ADMISSION_PENDING,FIRST_FRAGMENT_OBSERVATION_ONLY,True
TERGR2E_30EE7F2408C538C5061F,R01ZF,FIXED_LAG_100MS,261,TERGR2H_9B283E544DD9CA0EF10B,R01ZF_REUSED_R01ZF_PERSON100005,ADMISSION_PENDING,DORMANT,RAW_FRAGMENT_ENDED_WITHOUT_SEMANTIC_PHYSICAL_CLOSURE,True
TERGR2E_3721D7A0DF4145B11111,R01ZF,FIXED_LAG_100MS,494,TERGR2H_9B283E544DD9CA0EF10B,R01ZF_REUSED_R01ZF_PERSON100005,DORMANT,CENSORED_AT_STREAM_END,RUN_ENDED_BEFORE_SEMANTIC_CLOSURE,True
TERGR2E_879E50CA121AB7201995,R01ZF,FULL_CONTEXT_OFFLINE,260,TERGR2H_9B283E544DD9CA0EF10B,R01ZF_REUSED_R01ZF_PERSON100005,UNSEEN,ADMISSION_PENDING,FIRST_FRAGMENT_OBSERVATION_ONLY,True
TERGR2E_407E4BCEEE947B26E109,R01ZF,FULL_CONTEXT_OFFLINE,261,TERGR2H_9B283E544DD9CA0EF10B,R01ZF_REUSED_R01ZF_PERSON100005,ADMISSION_PENDING,DORMANT,RAW_FRAGMENT_ENDED_WITHOUT_SEMANTIC_PHYSICAL_CLOSURE,True
TERGR2E_2A895C218CAB1673A595,R01ZF,FULL_CONTEXT_OFFLINE,494,TERGR2H_9B283E544DD9CA0EF10B,R01ZF_REUSED_R01ZF_PERSON100005,DORMANT,CENSORED_AT_STREAM_END,RUN_ENDED_BEFORE_SEMANTIC_CLOSURE,True
TERGR2E_2752FE23D5DC6FEA47F6,R01ZF,CAUSAL_REPLAY,457,TERGR2H_E4404AA9AB03C06E4613,R01ZF_REUSED_R01ZF_PERSON100006,UNSEEN,ADMISSION_PENDING,FIRST_FRAGMENT_OBSERVATION_ONLY,True
TERGR2E_F3533F16DCFA2FD0AF1C,R01ZF,CAUSAL_REPLAY,458,TERGR2H_E4404AA9AB03C06E4613,R01ZF_REUSED_R01ZF_PERSON100006,ADMISSION_PENDING,CENSORED_AT_BOUNDARY,LAST_OPTICAL_OBSERVATION_TOUCHES_BOUNDARY_DIRECTION_OF_CROSSING_UNRESOLVED,True
TERGR2E_D58B942A8082A5A0AAF7,R01ZF,FIXED_LAG_100MS,457,TERGR2H_E4404AA9AB03C06E4613,R01ZF_REUSED_R01ZF_PERSON100006,UNSEEN,ADMISSION_PENDING,FIRST_FRAGMENT_OBSERVATION_ONLY,True
TERGR2E_9CBE86A195C517D28AD8,R01ZF,FIXED_LAG_100MS,458,TERGR2H_E4404AA9AB03C06E4613,R01ZF_REUSED_R01ZF_PERSON100006,ADMISSION_PENDING,CENSORED_AT_BOUNDARY,LAST_OPTICAL_OBSERVATION_TOUCHES_BOUNDARY_DIRECTION_OF_CROSSING_UNRESOLVED,True
TERGR2E_8BF395C7B402659EA0A6,R01ZF,FULL_CONTEXT_OFFLINE,457,TERGR2H_E4404AA9AB03C06E4613,R01ZF_REUSED_R01ZF_PERSON100006,UNSEEN,ADMISSION_PENDING,FIRST_FRAGMENT_OBSERVATION_ONLY,True
TERGR2E_24C2AD49311BB9145CBE,R01ZF,FULL_CONTEXT_OFFLINE,458,TERGR2H_E4404AA9AB03C06E4613,R01ZF_REUSED_R01ZF_PERSON100006,ADMISSION_PENDING,CENSORED_AT_BOUNDARY,LAST_OPTICAL_OBSERVATION_TOUCHES_BOUNDARY_DIRECTION_OF_CROSSING_UNRESOLVED,True
TERGR2E_B7A5F1BED9B82BAE63FD,R01ZF,CAUSAL_REPLAY,458,TERGR2H_E9552C0AF1B57C0CF2B2,R01ZF_REUSED_R01ZF_PERSON100007,UNSEEN,ADMISSION_PENDING,FIRST_FRAGMENT_OBSERVATION_ONLY,True
TERGR2E_C9B2108A79AED0DFD2D5,R01ZF,CAUSAL_REPLAY,459,TERGR2H_E9552C0AF1B57C0CF2B2,R01ZF_REUSED_R01ZF_PERSON100007,ADMISSION_PENDING,CENSORED_AT_BOUNDARY,LAST_OPTICAL_OBSERVATION_TOUCHES_BOUNDARY_DIRECTION_OF_CROSSING_UNRESOLVED,True
TERGR2E_72758A2CF65129E580C8,R01ZF,FIXED_LAG_100MS,458,TERGR2H_E9552C0AF1B57C0CF2B2,R01ZF_REUSED_R01ZF_PERSON100007,UNSEEN,ADMISSION_PENDING,FIRST_FRAGMENT_OBSERVATION_ONLY,True
TERGR2E_8C6B6B1D15A3F884D98D,R01ZF,FIXED_LAG_100MS,459,TERGR2H_E9552C0AF1B57C0CF2B2,R01ZF_REUSED_R01ZF_PERSON100007,ADMISSION_PENDING,CENSORED_AT_BOUNDARY,LAST_OPTICAL_OBSERVATION_TOUCHES_BOUNDARY_DIRECTION_OF_CROSSING_UNRESOLVED,True
TERGR2E_86BB0EC0AEE0AB6942D0,R01ZF,FULL_CONTEXT_OFFLINE,458,TERGR2H_E9552C0AF1B57C0CF2B2,R01ZF_REUSED_R01ZF_PERSON100007,UNSEEN,ADMISSION_PENDING,FIRST_FRAGMENT_OBSERVATION_ONLY,True
TERGR2E_8FD03F3C81018E19753D,R01ZF,FULL_CONTEXT_OFFLINE,459,TERGR2H_E9552C0AF1B57C0CF2B2,R01ZF_REUSED_R01ZF_PERSON100007,ADMISSION_PENDING,CENSORED_AT_BOUNDARY,LAST_OPTICAL_OBSERVATION_TOUCHES_BOUNDARY_DIRECTION_OF_CROSSING_UNRESOLVED,True
TERGR2E_5C08E4003BC5CD81638B,R01ZF,CAUSAL_REPLAY,458,TERGR2H_0B3D40825DA8BFEA098A,R01ZF_REUSED_R01ZF_PERSON100008,UNSEEN,ADMISSION_PENDING,FIRST_FRAGMENT_OBSERVATION_ONLY,True
TERGR2E_331445A2C5F0F96D142B,R01ZF,CAUSAL_REPLAY,459,TERGR2H_0B3D40825DA8BFEA098A,R01ZF_REUSED_R01ZF_PERSON100008,ADMISSION_PENDING,CENSORED_AT_BOUNDARY,LAST_OPTICAL_OBSERVATION_TOUCHES_BOUNDARY_DIRECTION_OF_CROSSING_UNRESOLVED,True
TERGR2E_86685446C4B5510B1601,R01ZF,FIXED_LAG_100MS,458,TERGR2H_0B3D40825DA8BFEA098A,R01ZF_REUSED_R01ZF_PERSON100008,UNSEEN,ADMISSION_PENDING,FIRST_FRAGMENT_OBSERVATION_ONLY,True
TERGR2E_F6295AB2CAA2061E5E5C,R01ZF,FIXED_LAG_100MS,459,TERGR2H_0B3D40825DA8BFEA098A,R01ZF_REUSED_R01ZF_PERSON100008,ADMISSION_PENDING,CENSORED_AT_BOUNDARY,LAST_OPTICAL_OBSERVATION_TOUCHES_BOUNDARY_DIRECTION_OF_CROSSING_UNRESOLVED,True
TERGR2E_01917743E30650370D4A,R01ZF,FULL_CONTEXT_OFFLINE,458,TERGR2H_0B3D40825DA8BFEA098A,R01ZF_REUSED_R01ZF_PERSON100008,UNSEEN,ADMISSION_PENDING,FIRST_FRAGMENT_OBSERVATION_ONLY,True
TERGR2E_7999805A273F6E59C38B,R01ZF,FULL_CONTEXT_OFFLINE,459,TERGR2H_0B3D40825DA8BFEA098A,R01ZF_REUSED_R01ZF_PERSON100008,ADMISSION_PENDING,CENSORED_AT_BOUNDARY,LAST_OPTICAL_OBSERVATION_TOUCHES_BOUNDARY_DIRECTION_OF_CROSSING_UNRESOLVED,True
TERGR2E_58E676B4442E04A650C2,R01ZF,CAUSAL_REPLAY,460,TERGR2H_385A273567A71F485022,R01ZF_REUSED_R01ZF_PERSON014,UNSEEN,ADMISSION_PENDING,FIRST_FRAGMENT_OBSERVATION_ONLY,True
TERGR2E_C7C6DDB83327D091FAA5,R01ZF,CAUSAL_REPLAY,462,TERGR2H_385A273567A71F485022,R01ZF_REUSED_R01ZF_PERSON014,ADMISSION_PENDING,ACTIVE_AMBIGUOUS,OPTICAL_CONTINUITY_BUT_SAR_P0_CONTINUITY_INTERFACE_UNAVAILABLE,True
TERGR2E_EC9290E09F1B98CB5B1A,R01ZF,CAUSAL_REPLAY,494,TERGR2H_385A273567A71F485022,R01ZF_REUSED_R01ZF_PERSON014,ACTIVE_AMBIGUOUS,CENSORED_AT_STREAM_END,RUN_ENDED_BEFORE_SEMANTIC_CLOSURE,True
TERGR2E_48FE50B87258ED09C8BD,R01ZF,FIXED_LAG_100MS,460,TERGR2H_385A273567A71F485022,R01ZF_REUSED_R01ZF_PERSON014,UNSEEN,ACTIVE_AMBIGUOUS,OPTICAL_CONTINUITY_WITH_EMPTY_CURRENT_SHELL_REGION_SET_SYNC_OR_INTERFACE_CONFLICT_PRESERVED,True
TERGR2E_CA33E56E893550A21441,R01ZF,FIXED_LAG_100MS,494,TERGR2H_385A273567A71F485022,R01ZF_REUSED_R01ZF_PERSON014,ACTIVE_AMBIGUOUS,CENSORED_AT_STREAM_END,RUN_ENDED_BEFORE_SEMANTIC_CLOSURE,True
TERGR2E_47A699FC3245B67D91AF,R01ZF,FULL_CONTEXT_OFFLINE,460,TERGR2H_385A273567A71F485022,R01ZF_REUSED_R01ZF_PERSON014,UNSEEN,ACTIVE_AMBIGUOUS,OPTICAL_CONTINUITY_WITH_EMPTY_CURRENT_SHELL_REGION_SET_SYNC_OR_INTERFACE_CONFLICT_PRESERVED,True
TERGR2E_B83D5C1C5A10C7F40A45,R01ZF,FULL_CONTEXT_OFFLINE,494,TERGR2H_385A273567A71F485022,R01ZF_REUSED_R01ZF_PERSON014,ACTIVE_AMBIGUOUS,CENSORED_AT_STREAM_END,RUN_ENDED_BEFORE_SEMANTIC_CLOSURE,True
TERGR2E_F0E2C4E1F2FFEB82C219,R02ZF,CAUSAL_REPLAY,93,TERGR2H_5680CAEA5B5A3E8AA3AD,R02ZF_REUSED_R02ZF_PERSON100001,UNSEEN,ADMISSION_PENDING,FIRST_FRAGMENT_OBSERVATION_ONLY,True
TERGR2E_7AC329D1CD7FD2FB15B4,R02ZF,CAUSAL_REPLAY,94,TERGR2H_5680CAEA5B5A3E8AA3AD,R02ZF_REUSED_R02ZF_PERSON100001,ADMISSION_PENDING,DORMANT,RAW_FRAGMENT_ENDED_WITHOUT_SEMANTIC_PHYSICAL_CLOSURE,True
TERGR2E_B84F9502F93C2A8C06A7,R02ZF,CAUSAL_REPLAY,494,TERGR2H_5680CAEA5B5A3E8AA3AD,R02ZF_REUSED_R02ZF_PERSON100001,DORMANT,CENSORED_AT_STREAM_END,RUN_ENDED_BEFORE_SEMANTIC_CLOSURE,True
TERGR2E_31537E9AC184CD46B28A,R02ZF,FIXED_LAG_100MS,93,TERGR2H_5680CAEA5B5A3E8AA3AD,R02ZF_REUSED_R02ZF_PERSON100001,UNSEEN,ADMISSION_PENDING,FIRST_FRAGMENT_OBSERVATION_ONLY,True
TERGR2E_F237DE03867465D2FE03,R02ZF,FIXED_LAG_100MS,94,TERGR2H_5680CAEA5B5A3E8AA3AD,R02ZF_REUSED_R02ZF_PERSON100001,ADMISSION_PENDING,DORMANT,RAW_FRAGMENT_ENDED_WITHOUT_SEMANTIC_PHYSICAL_CLOSURE,True
TERGR2E_ADED4A39A44C61502419,R02ZF,FIXED_LAG_100MS,494,TERGR2H_5680CAEA5B5A3E8AA3AD,R02ZF_REUSED_R02ZF_PERSON100001,DORMANT,CENSORED_AT_STREAM_END,RUN_ENDED_BEFORE_SEMANTIC_CLOSURE,True
TERGR2E_6F7CD0517D16D1347F7A,R02ZF,FULL_CONTEXT_OFFLINE,93,TERGR2H_5680CAEA5B5A3E8AA3AD,R02ZF_REUSED_R02ZF_PERSON100001,UNSEEN,ADMISSION_PENDING,FIRST_FRAGMENT_OBSERVATION_ONLY,True
TERGR2E_E2EA3D4AB1E90F1E0C1D,R02ZF,FULL_CONTEXT_OFFLINE,94,TERGR2H_5680CAEA5B5A3E8AA3AD,R02ZF_REUSED_R02ZF_PERSON100001,ADMISSION_PENDING,DORMANT,RAW_FRAGMENT_ENDED_WITHOUT_SEMANTIC_PHYSICAL_CLOSURE,True
TERGR2E_5C5DDF34206CF29DDCBE,R02ZF,FULL_CONTEXT_OFFLINE,494,TERGR2H_5680CAEA5B5A3E8AA3AD,R02ZF_REUSED_R02ZF_PERSON100001,DORMANT,CENSORED_AT_STREAM_END,RUN_ENDED_BEFORE_SEMANTIC_CLOSURE,True
TERGR2E_A307FA646360B1F7EA6E,R02ZF,CAUSAL_REPLAY,107,TERGR2H_3370FB2C1819392EDBCF,R02ZF_REUSED_R02ZF_PERSON100002,UNSEEN,ADMISSION_PENDING,FIRST_FRAGMENT_OBSERVATION_ONLY,True
TERGR2E_AA4E2EBF4C99C782431A,R02ZF,CAUSAL_REPLAY,108,TERGR2H_3370FB2C1819392EDBCF,R02ZF_REUSED_R02ZF_PERSON100002,ADMISSION_PENDING,DORMANT,RAW_FRAGMENT_ENDED_WITHOUT_SEMANTIC_PHYSICAL_CLOSURE,True
TERGR2E_484E82E9B2DFC370C455,R02ZF,CAUSAL_REPLAY,494,TERGR2H_3370FB2C1819392EDBCF,R02ZF_REUSED_R02ZF_PERSON100002,DORMANT,CENSORED_AT_STREAM_END,RUN_ENDED_BEFORE_SEMANTIC_CLOSURE,True
TERGR2E_EBA284A745EE865A3F7A,R02ZF,FIXED_LAG_100MS,107,TERGR2H_3370FB2C1819392EDBCF,R02ZF_REUSED_R02ZF_PERSON100002,UNSEEN,ADMISSION_PENDING,FIRST_FRAGMENT_OBSERVATION_ONLY,True
TERGR2E_AE729028C0BE209F9EA2,R02ZF,FIXED_LAG_100MS,108,TERGR2H_3370FB2C1819392EDBCF,R02ZF_REUSED_R02ZF_PERSON100002,ADMISSION_PENDING,DORMANT,RAW_FRAGMENT_ENDED_WITHOUT_SEMANTIC_PHYSICAL_CLOSURE,True
TERGR2E_B39978755EB60A729E7D,R02ZF,FIXED_LAG_100MS,494,TERGR2H_3370FB2C1819392EDBCF,R02ZF_REUSED_R02ZF_PERSON100002,DORMANT,CENSORED_AT_STREAM_END,RUN_ENDED_BEFORE_SEMANTIC_CLOSURE,True
TERGR2E_6C4AD6B5DC8BB7757C44,R02ZF,FULL_CONTEXT_OFFLINE,107,TERGR2H_3370FB2C1819392EDBCF,R02ZF_REUSED_R02ZF_PERSON100002,UNSEEN,ADMISSION_PENDING,FIRST_FRAGMENT_OBSERVATION_ONLY,True
TERGR2E_F0A354FD021ECBB8B74A,R02ZF,FULL_CONTEXT_OFFLINE,108,TERGR2H_3370FB2C1819392EDBCF,R02ZF_REUSED_R02ZF_PERSON100002,ADMISSION_PENDING,DORMANT,RAW_FRAGMENT_ENDED_WITHOUT_SEMANTIC_PHYSICAL_CLOSURE,True
TERGR2E_FC7064C33931553AED53,R02ZF,FULL_CONTEXT_OFFLINE,494,TERGR2H_3370FB2C1819392EDBCF,R02ZF_REUSED_R02ZF_PERSON100002,DORMANT,CENSORED_AT_STREAM_END,RUN_ENDED_BEFORE_SEMANTIC_CLOSURE,True
TERGR2E_6EBF37CA135A430EB45D,R02ZF,CAUSAL_REPLAY,108,TERGR2H_2578804D38D57F43D010,R02ZF_REUSED_R02ZF_PERSON100003,UNSEEN,ADMISSION_PENDING,FIRST_FRAGMENT_OBSERVATION_ONLY,True
TERGR2E_ED4F13380E6590698EAD,R02ZF,CAUSAL_REPLAY,109,TERGR2H_2578804D38D57F43D010,R02ZF_REUSED_R02ZF_PERSON100003,ADMISSION_PENDING,DORMANT,RAW_FRAGMENT_ENDED_WITHOUT_SEMANTIC_PHYSICAL_CLOSURE,True
TERGR2E_E0419A5EAAAC926EE097,R02ZF,CAUSAL_REPLAY,494,TERGR2H_2578804D38D57F43D010,R02ZF_REUSED_R02ZF_PERSON100003,DORMANT,CENSORED_AT_STREAM_END,RUN_ENDED_BEFORE_SEMANTIC_CLOSURE,True
TERGR2E_DB3A3BBC2C800C1DD30A,R02ZF,FIXED_LAG_100MS,108,TERGR2H_2578804D38D57F43D010,R02ZF_REUSED_R02ZF_PERSON100003,UNSEEN,ADMISSION_PENDING,FIRST_FRAGMENT_OBSERVATION_ONLY,True
TERGR2E_273C4FB1D0610EE887E4,R02ZF,FIXED_LAG_100MS,109,TERGR2H_2578804D38D57F43D010,R02ZF_REUSED_R02ZF_PERSON100003,ADMISSION_PENDING,DORMANT,RAW_FRAGMENT_ENDED_WITHOUT_SEMANTIC_PHYSICAL_CLOSURE,True
TERGR2E_7C3CB8A11CAB912278D3,R02ZF,FIXED_LAG_100MS,494,TERGR2H_2578804D38D57F43D010,R02ZF_REUSED_R02ZF_PERSON100003,DORMANT,CENSORED_AT_STREAM_END,RUN_ENDED_BEFORE_SEMANTIC_CLOSURE,True
TERGR2E_57405C2560F2AB17BE15,R02ZF,FULL_CONTEXT_OFFLINE,108,TERGR2H_2578804D38D57F43D010,R02ZF_REUSED_R02ZF_PERSON100003,UNSEEN,ADMISSION_PENDING,FIRST_FRAGMENT_OBSERVATION_ONLY,True
TERGR2E_BE08850F095E8EE70FF4,R02ZF,FULL_CONTEXT_OFFLINE,109,TERGR2H_2578804D38D57F43D010,R02ZF_REUSED_R02ZF_PERSON100003,ADMISSION_PENDING,DORMANT,RAW_FRAGMENT_ENDED_WITHOUT_SEMANTIC_PHYSICAL_CLOSURE,True
TERGR2E_6BD7EE783DA0B6C8C202,R02ZF,FULL_CONTEXT_OFFLINE,494,TERGR2H_2578804D38D57F43D010,R02ZF_REUSED_R02ZF_PERSON100003,DORMANT,CENSORED_AT_STREAM_END,RUN_ENDED_BEFORE_SEMANTIC_CLOSURE,True
TERGR2E_70ECE273F920612293E6,R02ZF,CAUSAL_REPLAY,108,TERGR2H_9E102B15A366AB6BB61E,R02ZF_REUSED_R02ZF_PERSON100004,UNSEEN,ADMISSION_PENDING,FIRST_FRAGMENT_OBSERVATION_ONLY,True
TERGR2E_12FD3E072E0E8ED32264,R02ZF,CAUSAL_REPLAY,109,TERGR2H_9E102B15A366AB6BB61E,R02ZF_REUSED_R02ZF_PERSON100004,ADMISSION_PENDING,DORMANT,RAW_FRAGMENT_ENDED_WITHOUT_SEMANTIC_PHYSICAL_CLOSURE,True
TERGR2E_4A528DE8603C54C7E2D2,R02ZF,CAUSAL_REPLAY,494,TERGR2H_9E102B15A366AB6BB61E,R02ZF_REUSED_R02ZF_PERSON100004,DORMANT,CENSORED_AT_STREAM_END,RUN_ENDED_BEFORE_SEMANTIC_CLOSURE,True
TERGR2E_BB7956B91C9707ED28AB,R02ZF,FIXED_LAG_100MS,108,TERGR2H_9E102B15A366AB6BB61E,R02ZF_REUSED_R02ZF_PERSON100004,UNSEEN,ADMISSION_PENDING,FIRST_FRAGMENT_OBSERVATION_ONLY,True
TERGR2E_292D0FC9DA9F722EE4E5,R02ZF,FIXED_LAG_100MS,109,TERGR2H_9E102B15A366AB6BB61E,R02ZF_REUSED_R02ZF_PERSON100004,ADMISSION_PENDING,DORMANT,RAW_FRAGMENT_ENDED_WITHOUT_SEMANTIC_PHYSICAL_CLOSURE,True
TERGR2E_7255C644C779C56FF8D1,R02ZF,FIXED_LAG_100MS,494,TERGR2H_9E102B15A366AB6BB61E,R02ZF_REUSED_R02ZF_PERSON100004,DORMANT,CENSORED_AT_STREAM_END,RUN_ENDED_BEFORE_SEMANTIC_CLOSURE,True
TERGR2E_F48A378F87FAB32BE0C0,R02ZF,FULL_CONTEXT_OFFLINE,108,TERGR2H_9E102B15A366AB6BB61E,R02ZF_REUSED_R02ZF_PERSON100004,UNSEEN,ADMISSION_PENDING,FIRST_FRAGMENT_OBSERVATION_ONLY,True
TERGR2E_B2EB131B16E6909EBA96,R02ZF,FULL_CONTEXT_OFFLINE,109,TERGR2H_9E102B15A366AB6BB61E,R02ZF_REUSED_R02ZF_PERSON100004,ADMISSION_PENDING,DORMANT,RAW_FRAGMENT_ENDED_WITHOUT_SEMANTIC_PHYSICAL_CLOSURE,True
TERGR2E_CD2E5C5435185E0F6015,R02ZF,FULL_CONTEXT_OFFLINE,494,TERGR2H_9E102B15A366AB6BB61E,R02ZF_REUSED_R02ZF_PERSON100004,DORMANT,CENSORED_AT_STREAM_END,RUN_ENDED_BEFORE_SEMANTIC_CLOSURE,True
TERGR2E_385E97CAE4C96BC70E30,R02ZF,CAUSAL_REPLAY,113,TERGR2H_D71685188496FD648271,R02ZF_REUSED_R02ZF_PERSON100005,UNSEEN,ADMISSION_PENDING,FIRST_FRAGMENT_OBSERVATION_ONLY,True
TERGR2E_D57E0F430500BB94C62E,R02ZF,CAUSAL_REPLAY,114,TERGR2H_D71685188496FD648271,R02ZF_REUSED_R02ZF_PERSON100005,ADMISSION_PENDING,CENSORED_AT_BOUNDARY,LAST_OPTICAL_OBSERVATION_TOUCHES_BOUNDARY_DIRECTION_OF_CROSSING_UNRESOLVED,True
TERGR2E_A570BA36272BFCF79848,R02ZF,FIXED_LAG_100MS,113,TERGR2H_D71685188496FD648271,R02ZF_REUSED_R02ZF_PERSON100005,UNSEEN,ADMISSION_PENDING,FIRST_FRAGMENT_OBSERVATION_ONLY,True
TERGR2E_BC54415BE0E08E07B84D,R02ZF,FIXED_LAG_100MS,114,TERGR2H_D71685188496FD648271,R02ZF_REUSED_R02ZF_PERSON100005,ADMISSION_PENDING,CENSORED_AT_BOUNDARY,LAST_OPTICAL_OBSERVATION_TOUCHES_BOUNDARY_DIRECTION_OF_CROSSING_UNRESOLVED,True
TERGR2E_08E5B869707D710F8BA4,R02ZF,FULL_CONTEXT_OFFLINE,113,TERGR2H_D71685188496FD648271,R02ZF_REUSED_R02ZF_PERSON100005,UNSEEN,ADMISSION_PENDING,FIRST_FRAGMENT_OBSERVATION_ONLY,True
TERGR2E_DCABCDB423A364A8FEAF,R02ZF,FULL_CONTEXT_OFFLINE,114,TERGR2H_D71685188496FD648271,R02ZF_REUSED_R02ZF_PERSON100005,ADMISSION_PENDING,CENSORED_AT_BOUNDARY,LAST_OPTICAL_OBSERVATION_TOUCHES_BOUNDARY_DIRECTION_OF_CROSSING_UNRESOLVED,True
TERGR2E_3888EF17209BC7F59109,R02ZF,CAUSAL_REPLAY,122,TERGR2H_C7191EEA11B0B70727C6,R02ZF_REUSED_R02ZF_PERSON100006,UNSEEN,ADMISSION_PENDING,FIRST_FRAGMENT_OBSERVATION_ONLY,True
TERGR2E_9E13AA8A58DE4D38FE66,R02ZF,CAUSAL_REPLAY,123,TERGR2H_C7191EEA11B0B70727C6,R02ZF_REUSED_R02ZF_PERSON100006,ADMISSION_PENDING,DORMANT,RAW_FRAGMENT_ENDED_WITHOUT_SEMANTIC_PHYSICAL_CLOSURE,True
TERGR2E_DA2091BF9A691F179C3F,R02ZF,CAUSAL_REPLAY,494,TERGR2H_C7191EEA11B0B70727C6,R02ZF_REUSED_R02ZF_PERSON100006,DORMANT,CENSORED_AT_STREAM_END,RUN_ENDED_BEFORE_SEMANTIC_CLOSURE,True
TERGR2E_C5EF5387689219B910C1,R02ZF,FIXED_LAG_100MS,122,TERGR2H_C7191EEA11B0B70727C6,R02ZF_REUSED_R02ZF_PERSON100006,UNSEEN,ADMISSION_PENDING,FIRST_FRAGMENT_OBSERVATION_ONLY,True
TERGR2E_C46B0D6551160E01E11B,R02ZF,FIXED_LAG_100MS,123,TERGR2H_C7191EEA11B0B70727C6,R02ZF_REUSED_R02ZF_PERSON100006,ADMISSION_PENDING,DORMANT,RAW_FRAGMENT_ENDED_WITHOUT_SEMANTIC_PHYSICAL_CLOSURE,True
TERGR2E_5A4BBCBBA0261E0D3789,R02ZF,FIXED_LAG_100MS,494,TERGR2H_C7191EEA11B0B70727C6,R02ZF_REUSED_R02ZF_PERSON100006,DORMANT,CENSORED_AT_STREAM_END,RUN_ENDED_BEFORE_SEMANTIC_CLOSURE,True
TERGR2E_1D9605715F9AFAF0817A,R02ZF,FULL_CONTEXT_OFFLINE,122,TERGR2H_C7191EEA11B0B70727C6,R02ZF_REUSED_R02ZF_PERSON100006,UNSEEN,ADMISSION_PENDING,FIRST_FRAGMENT_OBSERVATION_ONLY,True
TERGR2E_EC5665A11739DCB1CE80,R02ZF,FULL_CONTEXT_OFFLINE,123,TERGR2H_C7191EEA11B0B70727C6,R02ZF_REUSED_R02ZF_PERSON100006,ADMISSION_PENDING,DORMANT,RAW_FRAGMENT_ENDED_WITHOUT_SEMANTIC_PHYSICAL_CLOSURE,True
TERGR2E_90F9AB54903A95424DB5,R02ZF,FULL_CONTEXT_OFFLINE,494,TERGR2H_C7191EEA11B0B70727C6,R02ZF_REUSED_R02ZF_PERSON100006,DORMANT,CENSORED_AT_STREAM_END,RUN_ENDED_BEFORE_SEMANTIC_CLOSURE,True
TERGR2E_C7163A6537BCC565D4C8,R02ZF,CAUSAL_REPLAY,168,TERGR2H_44F6E71DE076CC651AA1,R02ZF_REUSED_R02ZF_PERSON100007,UNSEEN,ADMISSION_PENDING,FIRST_FRAGMENT_OBSERVATION_ONLY,True
TERGR2E_5161CB359186D26C0BA1,R02ZF,CAUSAL_REPLAY,169,TERGR2H_44F6E71DE076CC651AA1,R02ZF_REUSED_R02ZF_PERSON100007,ADMISSION_PENDING,DORMANT,RAW_FRAGMENT_ENDED_WITHOUT_SEMANTIC_PHYSICAL_CLOSURE,True
TERGR2E_D4385636ECA5FAFC0E6A,R02ZF,CAUSAL_REPLAY,494,TERGR2H_44F6E71DE076CC651AA1,R02ZF_REUSED_R02ZF_PERSON100007,DORMANT,CENSORED_AT_STREAM_END,RUN_ENDED_BEFORE_SEMANTIC_CLOSURE,True
TERGR2E_A40A2DBE9FA74122D157,R02ZF,FIXED_LAG_100MS,168,TERGR2H_44F6E71DE076CC651AA1,R02ZF_REUSED_R02ZF_PERSON100007,UNSEEN,ADMISSION_PENDING,FIRST_FRAGMENT_OBSERVATION_ONLY,True
TERGR2E_69014A5554D1EBD3C0C0,R02ZF,FIXED_LAG_100MS,169,TERGR2H_44F6E71DE076CC651AA1,R02ZF_REUSED_R02ZF_PERSON100007,ADMISSION_PENDING,DORMANT,RAW_FRAGMENT_ENDED_WITHOUT_SEMANTIC_PHYSICAL_CLOSURE,True
TERGR2E_8EEDF76EEE20E7AD6E31,R02ZF,FIXED_LAG_100MS,494,TERGR2H_44F6E71DE076CC651AA1,R02ZF_REUSED_R02ZF_PERSON100007,DORMANT,CENSORED_AT_STREAM_END,RUN_ENDED_BEFORE_SEMANTIC_CLOSURE,True
TERGR2E_4CD1822B9C4B25C3802E,R02ZF,FULL_CONTEXT_OFFLINE,168,TERGR2H_44F6E71DE076CC651AA1,R02ZF_REUSED_R02ZF_PERSON100007,UNSEEN,ADMISSION_PENDING,FIRST_FRAGMENT_OBSERVATION_ONLY,True
TERGR2E_6024E8AFB373B085892F,R02ZF,FULL_CONTEXT_OFFLINE,169,TERGR2H_44F6E71DE076CC651AA1,R02ZF_REUSED_R02ZF_PERSON100007,ADMISSION_PENDING,DORMANT,RAW_FRAGMENT_ENDED_WITHOUT_SEMANTIC_PHYSICAL_CLOSURE,True
TERGR2E_0E7C18964F10D5E48407,R02ZF,FULL_CONTEXT_OFFLINE,494,TERGR2H_44F6E71DE076CC651AA1,R02ZF_REUSED_R02ZF_PERSON100007,DORMANT,CENSORED_AT_STREAM_END,RUN_ENDED_BEFORE_SEMANTIC_CLOSURE,True
TERGR2E_AAF558DA0A5DBA168E8B,R02ZF,CAUSAL_REPLAY,263,TERGR2H_8667F3C0EF6A7D7C38CE,R02ZF_REUSED_R02ZF_PERSON100008,UNSEEN,ADMISSION_PENDING,FIRST_FRAGMENT_OBSERVATION_ONLY,True
TERGR2E_8F3949A347782A670344,R02ZF,CAUSAL_REPLAY,264,TERGR2H_8667F3C0EF6A7D7C38CE,R02ZF_REUSED_R02ZF_PERSON100008,ADMISSION_PENDING,DORMANT,RAW_FRAGMENT_ENDED_WITHOUT_SEMANTIC_PHYSICAL_CLOSURE,True
TERGR2E_6E96B3679EE1F50D10CD,R02ZF,CAUSAL_REPLAY,494,TERGR2H_8667F3C0EF6A7D7C38CE,R02ZF_REUSED_R02ZF_PERSON100008,DORMANT,CENSORED_AT_STREAM_END,RUN_ENDED_BEFORE_SEMANTIC_CLOSURE,True
TERGR2E_DC99EEFE582B3F08FACC,R02ZF,FIXED_LAG_100MS,263,TERGR2H_8667F3C0EF6A7D7C38CE,R02ZF_REUSED_R02ZF_PERSON100008,UNSEEN,ADMISSION_PENDING,FIRST_FRAGMENT_OBSERVATION_ONLY,True
TERGR2E_CBF635F704970D77794E,R02ZF,FIXED_LAG_100MS,264,TERGR2H_8667F3C0EF6A7D7C38CE,R02ZF_REUSED_R02ZF_PERSON100008,ADMISSION_PENDING,DORMANT,RAW_FRAGMENT_ENDED_WITHOUT_SEMANTIC_PHYSICAL_CLOSURE,True
TERGR2E_F7C042A1081C546F3401,R02ZF,FIXED_LAG_100MS,494,TERGR2H_8667F3C0EF6A7D7C38CE,R02ZF_REUSED_R02ZF_PERSON100008,DORMANT,CENSORED_AT_STREAM_END,RUN_ENDED_BEFORE_SEMANTIC_CLOSURE,True
TERGR2E_1EB4FFFCDBF80D5ABBF5,R02ZF,FULL_CONTEXT_OFFLINE,263,TERGR2H_8667F3C0EF6A7D7C38CE,R02ZF_REUSED_R02ZF_PERSON100008,UNSEEN,ADMISSION_PENDING,FIRST_FRAGMENT_OBSERVATION_ONLY,True
TERGR2E_23133EE7B1358ED1FF9A,R02ZF,FULL_CONTEXT_OFFLINE,264,TERGR2H_8667F3C0EF6A7D7C38CE,R02ZF_REUSED_R02ZF_PERSON100008,ADMISSION_PENDING,DORMANT,RAW_FRAGMENT_ENDED_WITHOUT_SEMANTIC_PHYSICAL_CLOSURE,True
TERGR2E_3930EB925222F309500E,R02ZF,FULL_CONTEXT_OFFLINE,494,TERGR2H_8667F3C0EF6A7D7C38CE,R02ZF_REUSED_R02ZF_PERSON100008,DORMANT,CENSORED_AT_STREAM_END,RUN_ENDED_BEFORE_SEMANTIC_CLOSURE,True
TERGR2E_E95D9D6EF20A489264FB,R02ZF,CAUSAL_REPLAY,382,TERGR2H_1DA7A3C8022532B77891,R02ZF_REUSED_R02ZF_PERSON100009,UNSEEN,ADMISSION_PENDING,FIRST_FRAGMENT_OBSERVATION_ONLY,True
TERGR2E_6ADCCDA632973DDD69AD,R02ZF,CAUSAL_REPLAY,383,TERGR2H_1DA7A3C8022532B77891,R02ZF_REUSED_R02ZF_PERSON100009,ADMISSION_PENDING,DORMANT,RAW_FRAGMENT_ENDED_WITHOUT_SEMANTIC_PHYSICAL_CLOSURE,True
TERGR2E_4C29BFEC20A4D9D8ABC8,R02ZF,CAUSAL_REPLAY,494,TERGR2H_1DA7A3C8022532B77891,R02ZF_REUSED_R02ZF_PERSON100009,DORMANT,CENSORED_AT_STREAM_END,RUN_ENDED_BEFORE_SEMANTIC_CLOSURE,True
TERGR2E_0E3570B65F27FDB835F1,R02ZF,FIXED_LAG_100MS,382,TERGR2H_1DA7A3C8022532B77891,R02ZF_REUSED_R02ZF_PERSON100009,UNSEEN,ADMISSION_PENDING,FIRST_FRAGMENT_OBSERVATION_ONLY,True
TERGR2E_4A6BBE746C8BEEC6FC7C,R02ZF,FIXED_LAG_100MS,383,TERGR2H_1DA7A3C8022532B77891,R02ZF_REUSED_R02ZF_PERSON100009,ADMISSION_PENDING,DORMANT,RAW_FRAGMENT_ENDED_WITHOUT_SEMANTIC_PHYSICAL_CLOSURE,True
TERGR2E_9DF3032C19A6BC994C53,R02ZF,FIXED_LAG_100MS,494,TERGR2H_1DA7A3C8022532B77891,R02ZF_REUSED_R02ZF_PERSON100009,DORMANT,CENSORED_AT_STREAM_END,RUN_ENDED_BEFORE_SEMANTIC_CLOSURE,True
TERGR2E_BB6201D323DD6802EDB5,R02ZF,FULL_CONTEXT_OFFLINE,382,TERGR2H_1DA7A3C8022532B77891,R02ZF_REUSED_R02ZF_PERSON100009,UNSEEN,ADMISSION_PENDING,FIRST_FRAGMENT_OBSERVATION_ONLY,True
TERGR2E_406FDFB774761F180549,R02ZF,FULL_CONTEXT_OFFLINE,383,TERGR2H_1DA7A3C8022532B77891,R02ZF_REUSED_R02ZF_PERSON100009,ADMISSION_PENDING,DORMANT,RAW_FRAGMENT_ENDED_WITHOUT_SEMANTIC_PHYSICAL_CLOSURE,True
TERGR2E_83F36A2E75A4244D9A2F,R02ZF,FULL_CONTEXT_OFFLINE,494,TERGR2H_1DA7A3C8022532B77891,R02ZF_REUSED_R02ZF_PERSON100009,DORMANT,CENSORED_AT_STREAM_END,RUN_ENDED_BEFORE_SEMANTIC_CLOSURE,True
TERGR2E_7B7A56FB24D78C7D2865,R02ZF,CAUSAL_REPLAY,385,TERGR2H_53A60755633F7FE9178D,R02ZF_REUSED_R02ZF_PERSON100010,UNSEEN,ADMISSION_PENDING,FIRST_FRAGMENT_OBSERVATION_ONLY,True
TERGR2E_9F79B635F7C85ACD0C58,R02ZF,CAUSAL_REPLAY,386,TERGR2H_53A60755633F7FE9178D,R02ZF_REUSED_R02ZF_PERSON100010,ADMISSION_PENDING,DORMANT,RAW_FRAGMENT_ENDED_WITHOUT_SEMANTIC_PHYSICAL_CLOSURE,True
TERGR2E_19C59FF99FCEF616818A,R02ZF,CAUSAL_REPLAY,494,TERGR2H_53A60755633F7FE9178D,R02ZF_REUSED_R02ZF_PERSON100010,DORMANT,CENSORED_AT_STREAM_END,RUN_ENDED_BEFORE_SEMANTIC_CLOSURE,True
TERGR2E_E787FB8285AFF0B7D0CE,R02ZF,FIXED_LAG_100MS,385,TERGR2H_53A60755633F7FE9178D,R02ZF_REUSED_R02ZF_PERSON100010,UNSEEN,ADMISSION_PENDING,FIRST_FRAGMENT_OBSERVATION_ONLY,True
TERGR2E_6C1A7D4C588F0333668D,R02ZF,FIXED_LAG_100MS,386,TERGR2H_53A60755633F7FE9178D,R02ZF_REUSED_R02ZF_PERSON100010,ADMISSION_PENDING,DORMANT,RAW_FRAGMENT_ENDED_WITHOUT_SEMANTIC_PHYSICAL_CLOSURE,True
TERGR2E_AE204886AC4FF0201394,R02ZF,FIXED_LAG_100MS,494,TERGR2H_53A60755633F7FE9178D,R02ZF_REUSED_R02ZF_PERSON100010,DORMANT,CENSORED_AT_STREAM_END,RUN_ENDED_BEFORE_SEMANTIC_CLOSURE,True
TERGR2E_144394F4329BCC62200A,R02ZF,FULL_CONTEXT_OFFLINE,385,TERGR2H_53A60755633F7FE9178D,R02ZF_REUSED_R02ZF_PERSON100010,UNSEEN,ADMISSION_PENDING,FIRST_FRAGMENT_OBSERVATION_ONLY,True
TERGR2E_C64872E95ADBB55AF08A,R02ZF,FULL_CONTEXT_OFFLINE,386,TERGR2H_53A60755633F7FE9178D,R02ZF_REUSED_R02ZF_PERSON100010,ADMISSION_PENDING,DORMANT,RAW_FRAGMENT_ENDED_WITHOUT_SEMANTIC_PHYSICAL_CLOSURE,True
TERGR2E_32F3EB9FC0413309834F,R02ZF,FULL_CONTEXT_OFFLINE,494,TERGR2H_53A60755633F7FE9178D,R02ZF_REUSED_R02ZF_PERSON100010,DORMANT,CENSORED_AT_STREAM_END,RUN_ENDED_BEFORE_SEMANTIC_CLOSURE,True
TERGR2E_12E1EEF3BE635FD41870,R02ZF,CAUSAL_REPLAY,387,TERGR2H_808FDDF0D16828EB0B15,R02ZF_REUSED_R02ZF_PERSON100011,UNSEEN,ADMISSION_PENDING,FIRST_FRAGMENT_OBSERVATION_ONLY,True
TERGR2E_60FD29C6CC0B22960591,R02ZF,CAUSAL_REPLAY,388,TERGR2H_808FDDF0D16828EB0B15,R02ZF_REUSED_R02ZF_PERSON100011,ADMISSION_PENDING,DORMANT,RAW_FRAGMENT_ENDED_WITHOUT_SEMANTIC_PHYSICAL_CLOSURE,True
TERGR2E_E808E33E8038BADF0523,R02ZF,CAUSAL_REPLAY,494,TERGR2H_808FDDF0D16828EB0B15,R02ZF_REUSED_R02ZF_PERSON100011,DORMANT,CENSORED_AT_STREAM_END,RUN_ENDED_BEFORE_SEMANTIC_CLOSURE,True
TERGR2E_8D42F172193060192589,R02ZF,FIXED_LAG_100MS,387,TERGR2H_808FDDF0D16828EB0B15,R02ZF_REUSED_R02ZF_PERSON100011,UNSEEN,ADMISSION_PENDING,FIRST_FRAGMENT_OBSERVATION_ONLY,True
TERGR2E_3D0C94A126CA5A97C2BF,R02ZF,FIXED_LAG_100MS,388,TERGR2H_808FDDF0D16828EB0B15,R02ZF_REUSED_R02ZF_PERSON100011,ADMISSION_PENDING,DORMANT,RAW_FRAGMENT_ENDED_WITHOUT_SEMANTIC_PHYSICAL_CLOSURE,True
TERGR2E_01E97289F64ABE5C214C,R02ZF,FIXED_LAG_100MS,494,TERGR2H_808FDDF0D16828EB0B15,R02ZF_REUSED_R02ZF_PERSON100011,DORMANT,CENSORED_AT_STREAM_END,RUN_ENDED_BEFORE_SEMANTIC_CLOSURE,True
TERGR2E_F0E85276AD9E12C4B35B,R02ZF,FULL_CONTEXT_OFFLINE,387,TERGR2H_808FDDF0D16828EB0B15,R02ZF_REUSED_R02ZF_PERSON100011,UNSEEN,ADMISSION_PENDING,FIRST_FRAGMENT_OBSERVATION_ONLY,True
TERGR2E_38FFD5871D21559CFEC3,R02ZF,FULL_CONTEXT_OFFLINE,388,TERGR2H_808FDDF0D16828EB0B15,R02ZF_REUSED_R02ZF_PERSON100011,ADMISSION_PENDING,DORMANT,RAW_FRAGMENT_ENDED_WITHOUT_SEMANTIC_PHYSICAL_CLOSURE,True
TERGR2E_BB972530BD18CEA40B24,R02ZF,FULL_CONTEXT_OFFLINE,494,TERGR2H_808FDDF0D16828EB0B15,R02ZF_REUSED_R02ZF_PERSON100011,DORMANT,CENSORED_AT_STREAM_END,RUN_ENDED_BEFORE_SEMANTIC_CLOSURE,True
TERGR2E_9E6E91652657FA8D5D6C,R02ZF,CAUSAL_REPLAY,387,TERGR2H_9517147B08780E49D952,R02ZF_REUSED_R02ZF_PERSON100012,UNSEEN,ADMISSION_PENDING,FIRST_FRAGMENT_OBSERVATION_ONLY,True
TERGR2E_F43E1149A5CF843544E4,R02ZF,CAUSAL_REPLAY,388,TERGR2H_9517147B08780E49D952,R02ZF_REUSED_R02ZF_PERSON100012,ADMISSION_PENDING,DORMANT,RAW_FRAGMENT_ENDED_WITHOUT_SEMANTIC_PHYSICAL_CLOSURE,True
TERGR2E_3A1721DCAE90BC2E35B1,R02ZF,CAUSAL_REPLAY,494,TERGR2H_9517147B08780E49D952,R02ZF_REUSED_R02ZF_PERSON100012,DORMANT,CENSORED_AT_STREAM_END,RUN_ENDED_BEFORE_SEMANTIC_CLOSURE,True
TERGR2E_FAB06A5E1DC4A4D6F30E,R02ZF,FIXED_LAG_100MS,387,TERGR2H_9517147B08780E49D952,R02ZF_REUSED_R02ZF_PERSON100012,UNSEEN,ADMISSION_PENDING,FIRST_FRAGMENT_OBSERVATION_ONLY,True
TERGR2E_6ECD4B4FA754A374CE3A,R02ZF,FIXED_LAG_100MS,388,TERGR2H_9517147B08780E49D952,R02ZF_REUSED_R02ZF_PERSON100012,ADMISSION_PENDING,DORMANT,RAW_FRAGMENT_ENDED_WITHOUT_SEMANTIC_PHYSICAL_CLOSURE,True
TERGR2E_72CF43748D27C2AEC7F8,R02ZF,FIXED_LAG_100MS,494,TERGR2H_9517147B08780E49D952,R02ZF_REUSED_R02ZF_PERSON100012,DORMANT,CENSORED_AT_STREAM_END,RUN_ENDED_BEFORE_SEMANTIC_CLOSURE,True
TERGR2E_29DB04117BCC9C2782F5,R02ZF,FULL_CONTEXT_OFFLINE,387,TERGR2H_9517147B08780E49D952,R02ZF_REUSED_R02ZF_PERSON100012,UNSEEN,ADMISSION_PENDING,FIRST_FRAGMENT_OBSERVATION_ONLY,True
TERGR2E_FB64774238D8C7014D66,R02ZF,FULL_CONTEXT_OFFLINE,388,TERGR2H_9517147B08780E49D952,R02ZF_REUSED_R02ZF_PERSON100012,ADMISSION_PENDING,DORMANT,RAW_FRAGMENT_ENDED_WITHOUT_SEMANTIC_PHYSICAL_CLOSURE,True
TERGR2E_BD6A5BCAA63B59EA87A2,R02ZF,FULL_CONTEXT_OFFLINE,494,TERGR2H_9517147B08780E49D952,R02ZF_REUSED_R02ZF_PERSON100012,DORMANT,CENSORED_AT_STREAM_END,RUN_ENDED_BEFORE_SEMANTIC_CLOSURE,True
TERGR2E_56718EC6ABDF9712061F,R02ZF,CAUSAL_REPLAY,400,TERGR2H_A6CEC3C4A8310AEBBA11,R02ZF_REUSED_R02ZF_PERSON100013,UNSEEN,ADMISSION_PENDING,FIRST_FRAGMENT_OBSERVATION_ONLY,True
TERGR2E_8C44C9B97FDE218F3624,R02ZF,CAUSAL_REPLAY,401,TERGR2H_A6CEC3C4A8310AEBBA11,R02ZF_REUSED_R02ZF_PERSON100013,ADMISSION_PENDING,DORMANT,RAW_FRAGMENT_ENDED_WITHOUT_SEMANTIC_PHYSICAL_CLOSURE,True
TERGR2E_C3F68B26A0F7DECF837C,R02ZF,CAUSAL_REPLAY,494,TERGR2H_A6CEC3C4A8310AEBBA11,R02ZF_REUSED_R02ZF_PERSON100013,DORMANT,CENSORED_AT_STREAM_END,RUN_ENDED_BEFORE_SEMANTIC_CLOSURE,True
TERGR2E_0C82D77DA4FD95737A65,R02ZF,FIXED_LAG_100MS,400,TERGR2H_A6CEC3C4A8310AEBBA11,R02ZF_REUSED_R02ZF_PERSON100013,UNSEEN,ADMISSION_PENDING,FIRST_FRAGMENT_OBSERVATION_ONLY,True
TERGR2E_3B83506908FD5222FD4D,R02ZF,FIXED_LAG_100MS,401,TERGR2H_A6CEC3C4A8310AEBBA11,R02ZF_REUSED_R02ZF_PERSON100013,ADMISSION_PENDING,DORMANT,RAW_FRAGMENT_ENDED_WITHOUT_SEMANTIC_PHYSICAL_CLOSURE,True
TERGR2E_E7799788536449F7963E,R02ZF,FIXED_LAG_100MS,494,TERGR2H_A6CEC3C4A8310AEBBA11,R02ZF_REUSED_R02ZF_PERSON100013,DORMANT,CENSORED_AT_STREAM_END,RUN_ENDED_BEFORE_SEMANTIC_CLOSURE,True
TERGR2E_0DA27AEF79E3C2E1424B,R02ZF,FULL_CONTEXT_OFFLINE,400,TERGR2H_A6CEC3C4A8310AEBBA11,R02ZF_REUSED_R02ZF_PERSON100013,UNSEEN,ADMISSION_PENDING,FIRST_FRAGMENT_OBSERVATION_ONLY,True
TERGR2E_A777895C5227C6C412D0,R02ZF,FULL_CONTEXT_OFFLINE,401,TERGR2H_A6CEC3C4A8310AEBBA11,R02ZF_REUSED_R02ZF_PERSON100013,ADMISSION_PENDING,DORMANT,RAW_FRAGMENT_ENDED_WITHOUT_SEMANTIC_PHYSICAL_CLOSURE,True
TERGR2E_296FEF9456C05E376D43,R02ZF,FULL_CONTEXT_OFFLINE,494,TERGR2H_A6CEC3C4A8310AEBBA11,R02ZF_REUSED_R02ZF_PERSON100013,DORMANT,CENSORED_AT_STREAM_END,RUN_ENDED_BEFORE_SEMANTIC_CLOSURE,True
TERGR2E_5AF24D829B9838B30BED,R02ZF,CAUSAL_REPLAY,418,TERGR2H_5768464767DF149B23F3,R02ZF_REUSED_R02ZF_PERSON100014,UNSEEN,ADMISSION_PENDING,FIRST_FRAGMENT_OBSERVATION_ONLY,True
TERGR2E_8291A6F312A3ABD85322,R02ZF,CAUSAL_REPLAY,419,TERGR2H_5768464767DF149B23F3,R02ZF_REUSED_R02ZF_PERSON100014,ADMISSION_PENDING,DORMANT,RAW_FRAGMENT_ENDED_WITHOUT_SEMANTIC_PHYSICAL_CLOSURE,True
TERGR2E_89B1EAAE82055C85BDFF,R02ZF,CAUSAL_REPLAY,494,TERGR2H_5768464767DF149B23F3,R02ZF_REUSED_R02ZF_PERSON100014,DORMANT,CENSORED_AT_STREAM_END,RUN_ENDED_BEFORE_SEMANTIC_CLOSURE,True
TERGR2E_64CAA14EDFF79F61C414,R02ZF,FIXED_LAG_100MS,418,TERGR2H_5768464767DF149B23F3,R02ZF_REUSED_R02ZF_PERSON100014,UNSEEN,ADMISSION_PENDING,FIRST_FRAGMENT_OBSERVATION_ONLY,True
TERGR2E_70FAC62F834236F39D3B,R02ZF,FIXED_LAG_100MS,419,TERGR2H_5768464767DF149B23F3,R02ZF_REUSED_R02ZF_PERSON100014,ADMISSION_PENDING,DORMANT,RAW_FRAGMENT_ENDED_WITHOUT_SEMANTIC_PHYSICAL_CLOSURE,True
TERGR2E_891650CC8AEF4740B284,R02ZF,FIXED_LAG_100MS,494,TERGR2H_5768464767DF149B23F3,R02ZF_REUSED_R02ZF_PERSON100014,DORMANT,CENSORED_AT_STREAM_END,RUN_ENDED_BEFORE_SEMANTIC_CLOSURE,True
TERGR2E_810629F409B9DFA6EF26,R02ZF,FULL_CONTEXT_OFFLINE,418,TERGR2H_5768464767DF149B23F3,R02ZF_REUSED_R02ZF_PERSON100014,UNSEEN,ADMISSION_PENDING,FIRST_FRAGMENT_OBSERVATION_ONLY,True
TERGR2E_4E12FEC64252E0F49AB6,R02ZF,FULL_CONTEXT_OFFLINE,419,TERGR2H_5768464767DF149B23F3,R02ZF_REUSED_R02ZF_PERSON100014,ADMISSION_PENDING,DORMANT,RAW_FRAGMENT_ENDED_WITHOUT_SEMANTIC_PHYSICAL_CLOSURE,True
TERGR2E_FC8BA5027045BCC1CD1C,R02ZF,FULL_CONTEXT_OFFLINE,494,TERGR2H_5768464767DF149B23F3,R02ZF_REUSED_R02ZF_PERSON100014,DORMANT,CENSORED_AT_STREAM_END,RUN_ENDED_BEFORE_SEMANTIC_CLOSURE,True
TERGR2E_3B6AEFCA236ECEF7B149,R02ZF,CAUSAL_REPLAY,420,TERGR2H_0D201C0B242AD827F9B1,R02ZF_REUSED_R02ZF_PERSON100015,UNSEEN,ADMISSION_PENDING,FIRST_FRAGMENT_OBSERVATION_ONLY,True
TERGR2E_ADB8C30829786500EEC3,R02ZF,CAUSAL_REPLAY,421,TERGR2H_0D201C0B242AD827F9B1,R02ZF_REUSED_R02ZF_PERSON100015,ADMISSION_PENDING,DORMANT,RAW_FRAGMENT_ENDED_WITHOUT_SEMANTIC_PHYSICAL_CLOSURE,True
TERGR2E_CB326198EB3D1BCBAA88,R02ZF,CAUSAL_REPLAY,494,TERGR2H_0D201C0B242AD827F9B1,R02ZF_REUSED_R02ZF_PERSON100015,DORMANT,CENSORED_AT_STREAM_END,RUN_ENDED_BEFORE_SEMANTIC_CLOSURE,True
TERGR2E_1A424F31B5561357CD2D,R02ZF,FIXED_LAG_100MS,420,TERGR2H_0D201C0B242AD827F9B1,R02ZF_REUSED_R02ZF_PERSON100015,UNSEEN,ADMISSION_PENDING,FIRST_FRAGMENT_OBSERVATION_ONLY,True
TERGR2E_F4830655D3AE355511EB,R02ZF,FIXED_LAG_100MS,421,TERGR2H_0D201C0B242AD827F9B1,R02ZF_REUSED_R02ZF_PERSON100015,ADMISSION_PENDING,DORMANT,RAW_FRAGMENT_ENDED_WITHOUT_SEMANTIC_PHYSICAL_CLOSURE,True
TERGR2E_E8D48CF6ED615FE5C932,R02ZF,FIXED_LAG_100MS,494,TERGR2H_0D201C0B242AD827F9B1,R02ZF_REUSED_R02ZF_PERSON100015,DORMANT,CENSORED_AT_STREAM_END,RUN_ENDED_BEFORE_SEMANTIC_CLOSURE,True
TERGR2E_10418952A6F9A2F030CD,R02ZF,FULL_CONTEXT_OFFLINE,420,TERGR2H_0D201C0B242AD827F9B1,R02ZF_REUSED_R02ZF_PERSON100015,UNSEEN,ADMISSION_PENDING,FIRST_FRAGMENT_OBSERVATION_ONLY,True
TERGR2E_A01F882C07DE0F9F6EE4,R02ZF,FULL_CONTEXT_OFFLINE,421,TERGR2H_0D201C0B242AD827F9B1,R02ZF_REUSED_R02ZF_PERSON100015,ADMISSION_PENDING,DORMANT,RAW_FRAGMENT_ENDED_WITHOUT_SEMANTIC_PHYSICAL_CLOSURE,True
TERGR2E_668AED8BF3EE3E63E35D,R02ZF,FULL_CONTEXT_OFFLINE,494,TERGR2H_0D201C0B242AD827F9B1,R02ZF_REUSED_R02ZF_PERSON100015,DORMANT,CENSORED_AT_STREAM_END,RUN_ENDED_BEFORE_SEMANTIC_CLOSURE,True
TERGR2E_E5CEF70968BE4801C866,R02ZF,CAUSAL_REPLAY,425,TERGR2H_8FFF367152405C5D0D6B,R02ZF_REUSED_R02ZF_PERSON100016,UNSEEN,ADMISSION_PENDING,FIRST_FRAGMENT_OBSERVATION_ONLY,True
TERGR2E_13DC0A38244170C9CDE2,R02ZF,CAUSAL_REPLAY,426,TERGR2H_8FFF367152405C5D0D6B,R02ZF_REUSED_R02ZF_PERSON100016,ADMISSION_PENDING,DORMANT,RAW_FRAGMENT_ENDED_WITHOUT_SEMANTIC_PHYSICAL_CLOSURE,True
TERGR2E_273D50F593F2F5512856,R02ZF,CAUSAL_REPLAY,494,TERGR2H_8FFF367152405C5D0D6B,R02ZF_REUSED_R02ZF_PERSON100016,DORMANT,CENSORED_AT_STREAM_END,RUN_ENDED_BEFORE_SEMANTIC_CLOSURE,True
TERGR2E_F49AC7F20B8870DE33F9,R02ZF,FIXED_LAG_100MS,425,TERGR2H_8FFF367152405C5D0D6B,R02ZF_REUSED_R02ZF_PERSON100016,UNSEEN,ADMISSION_PENDING,FIRST_FRAGMENT_OBSERVATION_ONLY,True
TERGR2E_F132C5DB933D04081953,R02ZF,FIXED_LAG_100MS,426,TERGR2H_8FFF367152405C5D0D6B,R02ZF_REUSED_R02ZF_PERSON100016,ADMISSION_PENDING,DORMANT,RAW_FRAGMENT_ENDED_WITHOUT_SEMANTIC_PHYSICAL_CLOSURE,True
TERGR2E_FEC930191E6A9B52B185,R02ZF,FIXED_LAG_100MS,494,TERGR2H_8FFF367152405C5D0D6B,R02ZF_REUSED_R02ZF_PERSON100016,DORMANT,CENSORED_AT_STREAM_END,RUN_ENDED_BEFORE_SEMANTIC_CLOSURE,True
TERGR2E_E39368D8A8F7590A16E1,R02ZF,FULL_CONTEXT_OFFLINE,425,TERGR2H_8FFF367152405C5D0D6B,R02ZF_REUSED_R02ZF_PERSON100016,UNSEEN,ADMISSION_PENDING,FIRST_FRAGMENT_OBSERVATION_ONLY,True
TERGR2E_17A520200E7D739F6B2A,R02ZF,FULL_CONTEXT_OFFLINE,426,TERGR2H_8FFF367152405C5D0D6B,R02ZF_REUSED_R02ZF_PERSON100016,ADMISSION_PENDING,DORMANT,RAW_FRAGMENT_ENDED_WITHOUT_SEMANTIC_PHYSICAL_CLOSURE,True
TERGR2E_20FBAA8BF54180CCE3BC,R02ZF,FULL_CONTEXT_OFFLINE,494,TERGR2H_8FFF367152405C5D0D6B,R02ZF_REUSED_R02ZF_PERSON100016,DORMANT,CENSORED_AT_STREAM_END,RUN_ENDED_BEFORE_SEMANTIC_CLOSURE,True
TERGR2E_4CFA0D34E97F3511FD45,R02ZF,CAUSAL_REPLAY,427,TERGR2H_1CCD12832E3885F7078B,R02ZF_REUSED_R02ZF_PERSON011,UNSEEN,ADMISSION_PENDING,FIRST_FRAGMENT_OBSERVATION_ONLY,True
TERGR2E_52456B49DFD6E266B1C3,R02ZF,CAUSAL_REPLAY,429,TERGR2H_1CCD12832E3885F7078B,R02ZF_REUSED_R02ZF_PERSON011,ADMISSION_PENDING,DORMANT,RAW_FRAGMENT_ENDED_WITHOUT_SEMANTIC_PHYSICAL_CLOSURE,True
TERGR2E_286371DE283878533DED,R02ZF,CAUSAL_REPLAY,494,TERGR2H_1CCD12832E3885F7078B,R02ZF_REUSED_R02ZF_PERSON011,DORMANT,CENSORED_AT_STREAM_END,RUN_ENDED_BEFORE_SEMANTIC_CLOSURE,True
TERGR2E_24D1E7685001C0E1AE33,R02ZF,FIXED_LAG_100MS,427,TERGR2H_1CCD12832E3885F7078B,R02ZF_REUSED_R02ZF_PERSON011,UNSEEN,ACTIVE_AMBIGUOUS,OPTICAL_CONTINUITY_BUT_SAR_P0_CONTINUITY_INTERFACE_UNAVAILABLE,True
TERGR2E_7063C8FCB1A1EAF11B3B,R02ZF,FIXED_LAG_100MS,429,TERGR2H_1CCD12832E3885F7078B,R02ZF_REUSED_R02ZF_PERSON011,ACTIVE_AMBIGUOUS,DORMANT,RAW_FRAGMENT_ENDED_WITHOUT_SEMANTIC_PHYSICAL_CLOSURE,True
TERGR2E_48C9831AD0101A251C7F,R02ZF,FIXED_LAG_100MS,494,TERGR2H_1CCD12832E3885F7078B,R02ZF_REUSED_R02ZF_PERSON011,DORMANT,CENSORED_AT_STREAM_END,RUN_ENDED_BEFORE_SEMANTIC_CLOSURE,True
TERGR2E_A1A56A3F9E539172AFD0,R02ZF,FULL_CONTEXT_OFFLINE,427,TERGR2H_1CCD12832E3885F7078B,R02ZF_REUSED_R02ZF_PERSON011,UNSEEN,ACTIVE_AMBIGUOUS,OPTICAL_CONTINUITY_BUT_SAR_P0_CONTINUITY_INTERFACE_UNAVAILABLE,True
TERGR2E_C0E3AFE47D9B32F06902,R02ZF,FULL_CONTEXT_OFFLINE,429,TERGR2H_1CCD12832E3885F7078B,R02ZF_REUSED_R02ZF_PERSON011,ACTIVE_AMBIGUOUS,DORMANT,RAW_FRAGMENT_ENDED_WITHOUT_SEMANTIC_PHYSICAL_CLOSURE,True
TERGR2E_29F0CDD3076EE5B0DA04,R02ZF,FULL_CONTEXT_OFFLINE,494,TERGR2H_1CCD12832E3885F7078B,R02ZF_REUSED_R02ZF_PERSON011,DORMANT,CENSORED_AT_STREAM_END,RUN_ENDED_BEFORE_SEMANTIC_CLOSURE,True
TERGR2E_02DF5E32155301543FDE,R02ZF,CAUSAL_REPLAY,430,TERGR2H_8BD8AE97748AD70B2199,R02ZF_REUSED_R02ZF_PERSON100017,UNSEEN,ADMISSION_PENDING,FIRST_FRAGMENT_OBSERVATION_ONLY,True
TERGR2E_6AD55A1510DB219A4F99,R02ZF,CAUSAL_REPLAY,431,TERGR2H_8BD8AE97748AD70B2199,R02ZF_REUSED_R02ZF_PERSON100017,ADMISSION_PENDING,DORMANT,RAW_FRAGMENT_ENDED_WITHOUT_SEMANTIC_PHYSICAL_CLOSURE,True
TERGR2E_F3CA6EE90439DA492C9D,R02ZF,CAUSAL_REPLAY,494,TERGR2H_8BD8AE97748AD70B2199,R02ZF_REUSED_R02ZF_PERSON100017,DORMANT,CENSORED_AT_STREAM_END,RUN_ENDED_BEFORE_SEMANTIC_CLOSURE,True
TERGR2E_CB97D6323787D7394914,R02ZF,FIXED_LAG_100MS,430,TERGR2H_8BD8AE97748AD70B2199,R02ZF_REUSED_R02ZF_PERSON100017,UNSEEN,ADMISSION_PENDING,FIRST_FRAGMENT_OBSERVATION_ONLY,True
TERGR2E_BAAE6AFACE20A97E7B3B,R02ZF,FIXED_LAG_100MS,431,TERGR2H_8BD8AE97748AD70B2199,R02ZF_REUSED_R02ZF_PERSON100017,ADMISSION_PENDING,DORMANT,RAW_FRAGMENT_ENDED_WITHOUT_SEMANTIC_PHYSICAL_CLOSURE,True
TERGR2E_66A6094E8BB494E970EF,R02ZF,FIXED_LAG_100MS,494,TERGR2H_8BD8AE97748AD70B2199,R02ZF_REUSED_R02ZF_PERSON100017,DORMANT,CENSORED_AT_STREAM_END,RUN_ENDED_BEFORE_SEMANTIC_CLOSURE,True
TERGR2E_F5BDC0669AE70870E489,R02ZF,FULL_CONTEXT_OFFLINE,430,TERGR2H_8BD8AE97748AD70B2199,R02ZF_REUSED_R02ZF_PERSON100017,UNSEEN,ADMISSION_PENDING,FIRST_FRAGMENT_OBSERVATION_ONLY,True
TERGR2E_B1BDBF5818DFC982556C,R02ZF,FULL_CONTEXT_OFFLINE,431,TERGR2H_8BD8AE97748AD70B2199,R02ZF_REUSED_R02ZF_PERSON100017,ADMISSION_PENDING,DORMANT,RAW_FRAGMENT_ENDED_WITHOUT_SEMANTIC_PHYSICAL_CLOSURE,True
TERGR2E_47147B94E14F6F402206,R02ZF,FULL_CONTEXT_OFFLINE,494,TERGR2H_8BD8AE97748AD70B2199,R02ZF_REUSED_R02ZF_PERSON100017,DORMANT,CENSORED_AT_STREAM_END,RUN_ENDED_BEFORE_SEMANTIC_CLOSURE,True
TERGR2E_56A2CA893E8E5642705C,R02ZF,CAUSAL_REPLAY,432,TERGR2H_529F1225B92AEC5B7B23,R02ZF_REUSED_R02ZF_PERSON100018,UNSEEN,ADMISSION_PENDING,FIRST_FRAGMENT_OBSERVATION_ONLY,True
TERGR2E_BFE28CFA541A8801F44E,R02ZF,CAUSAL_REPLAY,433,TERGR2H_529F1225B92AEC5B7B23,R02ZF_REUSED_R02ZF_PERSON100018,ADMISSION_PENDING,DORMANT,RAW_FRAGMENT_ENDED_WITHOUT_SEMANTIC_PHYSICAL_CLOSURE,True
TERGR2E_BD08E3D3E163CE4B018E,R02ZF,CAUSAL_REPLAY,494,TERGR2H_529F1225B92AEC5B7B23,R02ZF_REUSED_R02ZF_PERSON100018,DORMANT,CENSORED_AT_STREAM_END,RUN_ENDED_BEFORE_SEMANTIC_CLOSURE,True
TERGR2E_B02D49017DFD2A9D302A,R02ZF,FIXED_LAG_100MS,432,TERGR2H_529F1225B92AEC5B7B23,R02ZF_REUSED_R02ZF_PERSON100018,UNSEEN,ADMISSION_PENDING,FIRST_FRAGMENT_OBSERVATION_ONLY,True
TERGR2E_8F45CA383AAC15AC0F04,R02ZF,FIXED_LAG_100MS,433,TERGR2H_529F1225B92AEC5B7B23,R02ZF_REUSED_R02ZF_PERSON100018,ADMISSION_PENDING,DORMANT,RAW_FRAGMENT_ENDED_WITHOUT_SEMANTIC_PHYSICAL_CLOSURE,True
TERGR2E_DC9EDBE38BA0FC2A55D5,R02ZF,FIXED_LAG_100MS,494,TERGR2H_529F1225B92AEC5B7B23,R02ZF_REUSED_R02ZF_PERSON100018,DORMANT,CENSORED_AT_STREAM_END,RUN_ENDED_BEFORE_SEMANTIC_CLOSURE,True
TERGR2E_BE5856F7B87A44072766,R02ZF,FULL_CONTEXT_OFFLINE,432,TERGR2H_529F1225B92AEC5B7B23,R02ZF_REUSED_R02ZF_PERSON100018,UNSEEN,ADMISSION_PENDING,FIRST_FRAGMENT_OBSERVATION_ONLY,True
TERGR2E_59FE0587F0890A618596,R02ZF,FULL_CONTEXT_OFFLINE,433,TERGR2H_529F1225B92AEC5B7B23,R02ZF_REUSED_R02ZF_PERSON100018,ADMISSION_PENDING,DORMANT,RAW_FRAGMENT_ENDED_WITHOUT_SEMANTIC_PHYSICAL_CLOSURE,True
TERGR2E_FEF4E9436705FB9029EE,R02ZF,FULL_CONTEXT_OFFLINE,494,TERGR2H_529F1225B92AEC5B7B23,R02ZF_REUSED_R02ZF_PERSON100018,DORMANT,CENSORED_AT_STREAM_END,RUN_ENDED_BEFORE_SEMANTIC_CLOSURE,True
TERGR2E_9013F756BBBAF0BD117F,R02ZF,CAUSAL_REPLAY,435,TERGR2H_5144A03C5CA3957A5706,R02ZF_REUSED_R02ZF_PERSON100019,UNSEEN,ADMISSION_PENDING,FIRST_FRAGMENT_OBSERVATION_ONLY,True
TERGR2E_7AF005C1880C83CFE965,R02ZF,CAUSAL_REPLAY,436,TERGR2H_5144A03C5CA3957A5706,R02ZF_REUSED_R02ZF_PERSON100019,ADMISSION_PENDING,DORMANT,RAW_FRAGMENT_ENDED_WITHOUT_SEMANTIC_PHYSICAL_CLOSURE,True
TERGR2E_BBC3CD5B1ECB419846BD,R02ZF,CAUSAL_REPLAY,494,TERGR2H_5144A03C5CA3957A5706,R02ZF_REUSED_R02ZF_PERSON100019,DORMANT,CENSORED_AT_STREAM_END,RUN_ENDED_BEFORE_SEMANTIC_CLOSURE,True
TERGR2E_8BE3F928561F49B72B77,R02ZF,FIXED_LAG_100MS,435,TERGR2H_5144A03C5CA3957A5706,R02ZF_REUSED_R02ZF_PERSON100019,UNSEEN,ADMISSION_PENDING,FIRST_FRAGMENT_OBSERVATION_ONLY,True
TERGR2E_52032669696699E7707C,R02ZF,FIXED_LAG_100MS,436,TERGR2H_5144A03C5CA3957A5706,R02ZF_REUSED_R02ZF_PERSON100019,ADMISSION_PENDING,DORMANT,RAW_FRAGMENT_ENDED_WITHOUT_SEMANTIC_PHYSICAL_CLOSURE,True
TERGR2E_C8FBD19712D9CFEC8089,R02ZF,FIXED_LAG_100MS,494,TERGR2H_5144A03C5CA3957A5706,R02ZF_REUSED_R02ZF_PERSON100019,DORMANT,CENSORED_AT_STREAM_END,RUN_ENDED_BEFORE_SEMANTIC_CLOSURE,True
TERGR2E_3822C285A6B8C805DA5A,R02ZF,FULL_CONTEXT_OFFLINE,435,TERGR2H_5144A03C5CA3957A5706,R02ZF_REUSED_R02ZF_PERSON100019,UNSEEN,ADMISSION_PENDING,FIRST_FRAGMENT_OBSERVATION_ONLY,True
TERGR2E_C38EB152EDF5DFB62F40,R02ZF,FULL_CONTEXT_OFFLINE,436,TERGR2H_5144A03C5CA3957A5706,R02ZF_REUSED_R02ZF_PERSON100019,ADMISSION_PENDING,DORMANT,RAW_FRAGMENT_ENDED_WITHOUT_SEMANTIC_PHYSICAL_CLOSURE,True
TERGR2E_D9F99D45C87C5823DE6D,R02ZF,FULL_CONTEXT_OFFLINE,494,TERGR2H_5144A03C5CA3957A5706,R02ZF_REUSED_R02ZF_PERSON100019,DORMANT,CENSORED_AT_STREAM_END,RUN_ENDED_BEFORE_SEMANTIC_CLOSURE,True
TERGR2E_F548C1E8C3ED351ACDD4,R02ZF,CAUSAL_REPLAY,443,TERGR2H_F5497E48E27E03A6C6DD,R02ZF_REUSED_R02ZF_PERSON100020,UNSEEN,ADMISSION_PENDING,FIRST_FRAGMENT_OBSERVATION_ONLY,True
TERGR2E_CF7940AB7C41DF771D0E,R02ZF,CAUSAL_REPLAY,444,TERGR2H_F5497E48E27E03A6C6DD,R02ZF_REUSED_R02ZF_PERSON100020,ADMISSION_PENDING,CENSORED_AT_BOUNDARY,LAST_OPTICAL_OBSERVATION_TOUCHES_BOUNDARY_DIRECTION_OF_CROSSING_UNRESOLVED,True
TERGR2E_90C520DD9F20FDB2370F,R02ZF,FIXED_LAG_100MS,443,TERGR2H_F5497E48E27E03A6C6DD,R02ZF_REUSED_R02ZF_PERSON100020,UNSEEN,ADMISSION_PENDING,FIRST_FRAGMENT_OBSERVATION_ONLY,True
TERGR2E_D999D7D913E211DB6DD5,R02ZF,FIXED_LAG_100MS,444,TERGR2H_F5497E48E27E03A6C6DD,R02ZF_REUSED_R02ZF_PERSON100020,ADMISSION_PENDING,CENSORED_AT_BOUNDARY,LAST_OPTICAL_OBSERVATION_TOUCHES_BOUNDARY_DIRECTION_OF_CROSSING_UNRESOLVED,True
TERGR2E_F1B8E6B6E61017A722C6,R02ZF,FULL_CONTEXT_OFFLINE,443,TERGR2H_F5497E48E27E03A6C6DD,R02ZF_REUSED_R02ZF_PERSON100020,UNSEEN,ADMISSION_PENDING,FIRST_FRAGMENT_OBSERVATION_ONLY,True
TERGR2E_9D741B6E267E703A609F,R02ZF,FULL_CONTEXT_OFFLINE,444,TERGR2H_F5497E48E27E03A6C6DD,R02ZF_REUSED_R02ZF_PERSON100020,ADMISSION_PENDING,CENSORED_AT_BOUNDARY,LAST_OPTICAL_OBSERVATION_TOUCHES_BOUNDARY_DIRECTION_OF_CROSSING_UNRESOLVED,True
TERGR2E_FFF5549AE35A500CE0D2,R02ZF,CAUSAL_REPLAY,447,TERGR2H_0C574EB35971843ACD18,R02ZF_REUSED_R02ZF_PERSON100021,UNSEEN,ADMISSION_PENDING,FIRST_FRAGMENT_OBSERVATION_ONLY,True
TERGR2E_F2E9E7BA680B222D5C38,R02ZF,CAUSAL_REPLAY,448,TERGR2H_0C574EB35971843ACD18,R02ZF_REUSED_R02ZF_PERSON100021,ADMISSION_PENDING,DORMANT,RAW_FRAGMENT_ENDED_WITHOUT_SEMANTIC_PHYSICAL_CLOSURE,True
TERGR2E_C3C3364F0FCFEEDF7E46,R02ZF,CAUSAL_REPLAY,494,TERGR2H_0C574EB35971843ACD18,R02ZF_REUSED_R02ZF_PERSON100021,DORMANT,CENSORED_AT_STREAM_END,RUN_ENDED_BEFORE_SEMANTIC_CLOSURE,True
TERGR2E_EA2B781959AE423B23D7,R02ZF,FIXED_LAG_100MS,447,TERGR2H_0C574EB35971843ACD18,R02ZF_REUSED_R02ZF_PERSON100021,UNSEEN,ADMISSION_PENDING,FIRST_FRAGMENT_OBSERVATION_ONLY,True
TERGR2E_E1F7E60AD10C0CAE48E2,R02ZF,FIXED_LAG_100MS,448,TERGR2H_0C574EB35971843ACD18,R02ZF_REUSED_R02ZF_PERSON100021,ADMISSION_PENDING,DORMANT,RAW_FRAGMENT_ENDED_WITHOUT_SEMANTIC_PHYSICAL_CLOSURE,True
TERGR2E_A4F5FE5AECA4387C7BEE,R02ZF,FIXED_LAG_100MS,494,TERGR2H_0C574EB35971843ACD18,R02ZF_REUSED_R02ZF_PERSON100021,DORMANT,CENSORED_AT_STREAM_END,RUN_ENDED_BEFORE_SEMANTIC_CLOSURE,True
TERGR2E_F0141360BD7439EF0821,R02ZF,FULL_CONTEXT_OFFLINE,447,TERGR2H_0C574EB35971843ACD18,R02ZF_REUSED_R02ZF_PERSON100021,UNSEEN,ADMISSION_PENDING,FIRST_FRAGMENT_OBSERVATION_ONLY,True
TERGR2E_F97A68CDBAA2660B3DA5,R02ZF,FULL_CONTEXT_OFFLINE,448,TERGR2H_0C574EB35971843ACD18,R02ZF_REUSED_R02ZF_PERSON100021,ADMISSION_PENDING,DORMANT,RAW_FRAGMENT_ENDED_WITHOUT_SEMANTIC_PHYSICAL_CLOSURE,True
TERGR2E_46A0B636224F0254ED5D,R02ZF,FULL_CONTEXT_OFFLINE,494,TERGR2H_0C574EB35971843ACD18,R02ZF_REUSED_R02ZF_PERSON100021,DORMANT,CENSORED_AT_STREAM_END,RUN_ENDED_BEFORE_SEMANTIC_CLOSURE,True
TERGR2E_D598C95DB04FEDBCEDED,R02ZF,CAUSAL_REPLAY,448,TERGR2H_BBCFA96A7670CC81F53D,R02ZF_REUSED_R02ZF_PERSON100022,UNSEEN,ADMISSION_PENDING,FIRST_FRAGMENT_OBSERVATION_ONLY,True
TERGR2E_3E6A6395017D8CD63D7D,R02ZF,CAUSAL_REPLAY,449,TERGR2H_BBCFA96A7670CC81F53D,R02ZF_REUSED_R02ZF_PERSON100022,ADMISSION_PENDING,DORMANT,RAW_FRAGMENT_ENDED_WITHOUT_SEMANTIC_PHYSICAL_CLOSURE,True
TERGR2E_368E375972D1B3099896,R02ZF,CAUSAL_REPLAY,494,TERGR2H_BBCFA96A7670CC81F53D,R02ZF_REUSED_R02ZF_PERSON100022,DORMANT,CENSORED_AT_STREAM_END,RUN_ENDED_BEFORE_SEMANTIC_CLOSURE,True
TERGR2E_B00151EC08FA8C3B0AD4,R02ZF,FIXED_LAG_100MS,448,TERGR2H_BBCFA96A7670CC81F53D,R02ZF_REUSED_R02ZF_PERSON100022,UNSEEN,ADMISSION_PENDING,FIRST_FRAGMENT_OBSERVATION_ONLY,True
TERGR2E_671A68DF667F0A2BC54D,R02ZF,FIXED_LAG_100MS,449,TERGR2H_BBCFA96A7670CC81F53D,R02ZF_REUSED_R02ZF_PERSON100022,ADMISSION_PENDING,DORMANT,RAW_FRAGMENT_ENDED_WITHOUT_SEMANTIC_PHYSICAL_CLOSURE,True
TERGR2E_5155E1EA1B98233F845B,R02ZF,FIXED_LAG_100MS,494,TERGR2H_BBCFA96A7670CC81F53D,R02ZF_REUSED_R02ZF_PERSON100022,DORMANT,CENSORED_AT_STREAM_END,RUN_ENDED_BEFORE_SEMANTIC_CLOSURE,True
TERGR2E_E07663BE949D8739A03C,R02ZF,FULL_CONTEXT_OFFLINE,448,TERGR2H_BBCFA96A7670CC81F53D,R02ZF_REUSED_R02ZF_PERSON100022,UNSEEN,ADMISSION_PENDING,FIRST_FRAGMENT_OBSERVATION_ONLY,True
TERGR2E_56DE6278B6639D542BF1,R02ZF,FULL_CONTEXT_OFFLINE,449,TERGR2H_BBCFA96A7670CC81F53D,R02ZF_REUSED_R02ZF_PERSON100022,ADMISSION_PENDING,DORMANT,RAW_FRAGMENT_ENDED_WITHOUT_SEMANTIC_PHYSICAL_CLOSURE,True
TERGR2E_02B8FA6D6E110CE124B9,R02ZF,FULL_CONTEXT_OFFLINE,494,TERGR2H_BBCFA96A7670CC81F53D,R02ZF_REUSED_R02ZF_PERSON100022,DORMANT,CENSORED_AT_STREAM_END,RUN_ENDED_BEFORE_SEMANTIC_CLOSURE,True
TERGR2E_BD88E76B16C90BCEBC04,R02ZF,CAUSAL_REPLAY,450,TERGR2H_1EA16245C12BF45F02CF,R02ZF_REUSED_R02ZF_PERSON100023,UNSEEN,ADMISSION_PENDING,FIRST_FRAGMENT_OBSERVATION_ONLY,True
TERGR2E_56B1B8625AD36D575295,R02ZF,CAUSAL_REPLAY,451,TERGR2H_1EA16245C12BF45F02CF,R02ZF_REUSED_R02ZF_PERSON100023,ADMISSION_PENDING,CENSORED_AT_BOUNDARY,LAST_OPTICAL_OBSERVATION_TOUCHES_BOUNDARY_DIRECTION_OF_CROSSING_UNRESOLVED,True
TERGR2E_B8ABF48E9E4D9BD3DFC6,R02ZF,FIXED_LAG_100MS,450,TERGR2H_1EA16245C12BF45F02CF,R02ZF_REUSED_R02ZF_PERSON100023,UNSEEN,ADMISSION_PENDING,FIRST_FRAGMENT_OBSERVATION_ONLY,True
TERGR2E_5AE2807C8BAB444499B3,R02ZF,FIXED_LAG_100MS,451,TERGR2H_1EA16245C12BF45F02CF,R02ZF_REUSED_R02ZF_PERSON100023,ADMISSION_PENDING,CENSORED_AT_BOUNDARY,LAST_OPTICAL_OBSERVATION_TOUCHES_BOUNDARY_DIRECTION_OF_CROSSING_UNRESOLVED,True
TERGR2E_437295400073A5335F22,R02ZF,FULL_CONTEXT_OFFLINE,450,TERGR2H_1EA16245C12BF45F02CF,R02ZF_REUSED_R02ZF_PERSON100023,UNSEEN,ADMISSION_PENDING,FIRST_FRAGMENT_OBSERVATION_ONLY,True
TERGR2E_1A34FCAFBD05E69962BC,R02ZF,FULL_CONTEXT_OFFLINE,451,TERGR2H_1EA16245C12BF45F02CF,R02ZF_REUSED_R02ZF_PERSON100023,ADMISSION_PENDING,CENSORED_AT_BOUNDARY,LAST_OPTICAL_OBSERVATION_TOUCHES_BOUNDARY_DIRECTION_OF_CROSSING_UNRESOLVED,True
TERGR2E_BBE100663D9F72CF98ED,R02ZF,CAUSAL_REPLAY,450,TERGR2H_C2D2AAC4602C16D315FF,R02ZF_REUSED_R02ZF_PERSON100024,UNSEEN,ADMISSION_PENDING,FIRST_FRAGMENT_OBSERVATION_ONLY,True
TERGR2E_3286E4FF0C42EBE1BCF1,R02ZF,CAUSAL_REPLAY,451,TERGR2H_C2D2AAC4602C16D315FF,R02ZF_REUSED_R02ZF_PERSON100024,ADMISSION_PENDING,DORMANT,RAW_FRAGMENT_ENDED_WITHOUT_SEMANTIC_PHYSICAL_CLOSURE,True
TERGR2E_0B80003DAF0133007F98,R02ZF,CAUSAL_REPLAY,494,TERGR2H_C2D2AAC4602C16D315FF,R02ZF_REUSED_R02ZF_PERSON100024,DORMANT,CENSORED_AT_STREAM_END,RUN_ENDED_BEFORE_SEMANTIC_CLOSURE,True
TERGR2E_9CC717F40CAE4B2CE993,R02ZF,FIXED_LAG_100MS,450,TERGR2H_C2D2AAC4602C16D315FF,R02ZF_REUSED_R02ZF_PERSON100024,UNSEEN,ADMISSION_PENDING,FIRST_FRAGMENT_OBSERVATION_ONLY,True
TERGR2E_CF96EC39D36824892217,R02ZF,FIXED_LAG_100MS,451,TERGR2H_C2D2AAC4602C16D315FF,R02ZF_REUSED_R02ZF_PERSON100024,ADMISSION_PENDING,DORMANT,RAW_FRAGMENT_ENDED_WITHOUT_SEMANTIC_PHYSICAL_CLOSURE,True
TERGR2E_42DBC7ECFBBD632FAA5C,R02ZF,FIXED_LAG_100MS,494,TERGR2H_C2D2AAC4602C16D315FF,R02ZF_REUSED_R02ZF_PERSON100024,DORMANT,CENSORED_AT_STREAM_END,RUN_ENDED_BEFORE_SEMANTIC_CLOSURE,True
TERGR2E_9888540F183E3CA59342,R02ZF,FULL_CONTEXT_OFFLINE,450,TERGR2H_C2D2AAC4602C16D315FF,R02ZF_REUSED_R02ZF_PERSON100024,UNSEEN,ADMISSION_PENDING,FIRST_FRAGMENT_OBSERVATION_ONLY,True
TERGR2E_7DC9189EDABAD2C41FBA,R02ZF,FULL_CONTEXT_OFFLINE,451,TERGR2H_C2D2AAC4602C16D315FF,R02ZF_REUSED_R02ZF_PERSON100024,ADMISSION_PENDING,DORMANT,RAW_FRAGMENT_ENDED_WITHOUT_SEMANTIC_PHYSICAL_CLOSURE,True
TERGR2E_668821FD274994B40137,R02ZF,FULL_CONTEXT_OFFLINE,494,TERGR2H_C2D2AAC4602C16D315FF,R02ZF_REUSED_R02ZF_PERSON100024,DORMANT,CENSORED_AT_STREAM_END,RUN_ENDED_BEFORE_SEMANTIC_CLOSURE,True
TERGR2E_C289096F6047723C2A60,R02ZF,CAUSAL_REPLAY,452,TERGR2H_704A252DC853AD6A6032,R02ZF_REUSED_R02ZF_PERSON100025,UNSEEN,ADMISSION_PENDING,FIRST_FRAGMENT_OBSERVATION_ONLY,True
TERGR2E_85FCFAC725DF95E1C3BF,R02ZF,CAUSAL_REPLAY,453,TERGR2H_704A252DC853AD6A6032,R02ZF_REUSED_R02ZF_PERSON100025,ADMISSION_PENDING,CENSORED_AT_BOUNDARY,LAST_OPTICAL_OBSERVATION_TOUCHES_BOUNDARY_DIRECTION_OF_CROSSING_UNRESOLVED,True
TERGR2E_CCD2C4A2B92C39EDBDE9,R02ZF,FIXED_LAG_100MS,452,TERGR2H_704A252DC853AD6A6032,R02ZF_REUSED_R02ZF_PERSON100025,UNSEEN,ADMISSION_PENDING,FIRST_FRAGMENT_OBSERVATION_ONLY,True
TERGR2E_F5DF0FF09290463BAB1E,R02ZF,FIXED_LAG_100MS,453,TERGR2H_704A252DC853AD6A6032,R02ZF_REUSED_R02ZF_PERSON100025,ADMISSION_PENDING,CENSORED_AT_BOUNDARY,LAST_OPTICAL_OBSERVATION_TOUCHES_BOUNDARY_DIRECTION_OF_CROSSING_UNRESOLVED,True
TERGR2E_F0B348E6F351C7ED5EFA,R02ZF,FULL_CONTEXT_OFFLINE,452,TERGR2H_704A252DC853AD6A6032,R02ZF_REUSED_R02ZF_PERSON100025,UNSEEN,ADMISSION_PENDING,FIRST_FRAGMENT_OBSERVATION_ONLY,True
TERGR2E_529908F93301AA8C08D6,R02ZF,FULL_CONTEXT_OFFLINE,453,TERGR2H_704A252DC853AD6A6032,R02ZF_REUSED_R02ZF_PERSON100025,ADMISSION_PENDING,CENSORED_AT_BOUNDARY,LAST_OPTICAL_OBSERVATION_TOUCHES_BOUNDARY_DIRECTION_OF_CROSSING_UNRESOLVED,True
TERGR2E_28EC563F9FD164220D94,R02ZF,CAUSAL_REPLAY,452,TERGR2H_57F398B3342375F2CBD3,R02ZF_REUSED_R02ZF_PERSON100026,UNSEEN,ADMISSION_PENDING,FIRST_FRAGMENT_OBSERVATION_ONLY,True
TERGR2E_318DBC3186DBABA0ECC4,R02ZF,CAUSAL_REPLAY,453,TERGR2H_57F398B3342375F2CBD3,R02ZF_REUSED_R02ZF_PERSON100026,ADMISSION_PENDING,DORMANT,RAW_FRAGMENT_ENDED_WITHOUT_SEMANTIC_PHYSICAL_CLOSURE,True
TERGR2E_FD34CB19B7C2A083C6E6,R02ZF,CAUSAL_REPLAY,494,TERGR2H_57F398B3342375F2CBD3,R02ZF_REUSED_R02ZF_PERSON100026,DORMANT,CENSORED_AT_STREAM_END,RUN_ENDED_BEFORE_SEMANTIC_CLOSURE,True
TERGR2E_B3D6181DE8F58B6EA8C5,R02ZF,FIXED_LAG_100MS,452,TERGR2H_57F398B3342375F2CBD3,R02ZF_REUSED_R02ZF_PERSON100026,UNSEEN,ADMISSION_PENDING,FIRST_FRAGMENT_OBSERVATION_ONLY,True
TERGR2E_F9CB3BD3BD33FA30B448,R02ZF,FIXED_LAG_100MS,453,TERGR2H_57F398B3342375F2CBD3,R02ZF_REUSED_R02ZF_PERSON100026,ADMISSION_PENDING,DORMANT,RAW_FRAGMENT_ENDED_WITHOUT_SEMANTIC_PHYSICAL_CLOSURE,True
TERGR2E_D332C74E3CBB9B2C7563,R02ZF,FIXED_LAG_100MS,494,TERGR2H_57F398B3342375F2CBD3,R02ZF_REUSED_R02ZF_PERSON100026,DORMANT,CENSORED_AT_STREAM_END,RUN_ENDED_BEFORE_SEMANTIC_CLOSURE,True
TERGR2E_4B9B9343433A0175ACCF,R02ZF,FULL_CONTEXT_OFFLINE,452,TERGR2H_57F398B3342375F2CBD3,R02ZF_REUSED_R02ZF_PERSON100026,UNSEEN,ADMISSION_PENDING,FIRST_FRAGMENT_OBSERVATION_ONLY,True
TERGR2E_DAFDAED9DE98891F72EF,R02ZF,FULL_CONTEXT_OFFLINE,453,TERGR2H_57F398B3342375F2CBD3,R02ZF_REUSED_R02ZF_PERSON100026,ADMISSION_PENDING,DORMANT,RAW_FRAGMENT_ENDED_WITHOUT_SEMANTIC_PHYSICAL_CLOSURE,True
TERGR2E_B2240AA1C8ABEA31EF06,R02ZF,FULL_CONTEXT_OFFLINE,494,TERGR2H_57F398B3342375F2CBD3,R02ZF_REUSED_R02ZF_PERSON100026,DORMANT,CENSORED_AT_STREAM_END,RUN_ENDED_BEFORE_SEMANTIC_CLOSURE,True
TERGR2E_16830F00D9D42DE764EF,R02ZF,CAUSAL_REPLAY,452,TERGR2H_F4732CC01D6B79B1BD05,R02ZF_REUSED_R02ZF_PERSON100027,UNSEEN,ADMISSION_PENDING,FIRST_FRAGMENT_OBSERVATION_ONLY,True
TERGR2E_41AB9F14B72F4F76E3F2,R02ZF,CAUSAL_REPLAY,453,TERGR2H_F4732CC01D6B79B1BD05,R02ZF_REUSED_R02ZF_PERSON100027,ADMISSION_PENDING,DORMANT,RAW_FRAGMENT_ENDED_WITHOUT_SEMANTIC_PHYSICAL_CLOSURE,True
TERGR2E_C26A4ACECC3114906F03,R02ZF,CAUSAL_REPLAY,494,TERGR2H_F4732CC01D6B79B1BD05,R02ZF_REUSED_R02ZF_PERSON100027,DORMANT,CENSORED_AT_STREAM_END,RUN_ENDED_BEFORE_SEMANTIC_CLOSURE,True
TERGR2E_AFBD7D83155487AA28AF,R02ZF,FIXED_LAG_100MS,452,TERGR2H_F4732CC01D6B79B1BD05,R02ZF_REUSED_R02ZF_PERSON100027,UNSEEN,ADMISSION_PENDING,FIRST_FRAGMENT_OBSERVATION_ONLY,True
TERGR2E_C5CC5B52BA587047D87A,R02ZF,FIXED_LAG_100MS,453,TERGR2H_F4732CC01D6B79B1BD05,R02ZF_REUSED_R02ZF_PERSON100027,ADMISSION_PENDING,DORMANT,RAW_FRAGMENT_ENDED_WITHOUT_SEMANTIC_PHYSICAL_CLOSURE,True
TERGR2E_6EA7C2FFD4192F6AD714,R02ZF,FIXED_LAG_100MS,494,TERGR2H_F4732CC01D6B79B1BD05,R02ZF_REUSED_R02ZF_PERSON100027,DORMANT,CENSORED_AT_STREAM_END,RUN_ENDED_BEFORE_SEMANTIC_CLOSURE,True
TERGR2E_74D8F5EDB519BE7BD7C7,R02ZF,FULL_CONTEXT_OFFLINE,452,TERGR2H_F4732CC01D6B79B1BD05,R02ZF_REUSED_R02ZF_PERSON100027,UNSEEN,ADMISSION_PENDING,FIRST_FRAGMENT_OBSERVATION_ONLY,True
TERGR2E_7AA93683DBDA92F70EC7,R02ZF,FULL_CONTEXT_OFFLINE,453,TERGR2H_F4732CC01D6B79B1BD05,R02ZF_REUSED_R02ZF_PERSON100027,ADMISSION_PENDING,DORMANT,RAW_FRAGMENT_ENDED_WITHOUT_SEMANTIC_PHYSICAL_CLOSURE,True
TERGR2E_1921820A4504C1A87606,R02ZF,FULL_CONTEXT_OFFLINE,494,TERGR2H_F4732CC01D6B79B1BD05,R02ZF_REUSED_R02ZF_PERSON100027,DORMANT,CENSORED_AT_STREAM_END,RUN_ENDED_BEFORE_SEMANTIC_CLOSURE,True
TERGR2E_C4654A7E24103435E0EB,R02ZF,CAUSAL_REPLAY,453,TERGR2H_37041F5B573A8B0265E2,R02ZF_REUSED_R02ZF_PERSON017,UNSEEN,ADMISSION_PENDING,FIRST_FRAGMENT_OBSERVATION_ONLY,True
TERGR2E_05C6A74BB7E8B73270FC,R02ZF,CAUSAL_REPLAY,455,TERGR2H_37041F5B573A8B0265E2,R02ZF_REUSED_R02ZF_PERSON017,ADMISSION_PENDING,ACTIVE_AMBIGUOUS,OPTICAL_CONTINUITY_BUT_SAR_P0_CONTINUITY_INTERFACE_UNAVAILABLE,True
TERGR2E_03280392EDD328377F1D,R02ZF,CAUSAL_REPLAY,494,TERGR2H_37041F5B573A8B0265E2,R02ZF_REUSED_R02ZF_PERSON017,ACTIVE_AMBIGUOUS,CENSORED_AT_STREAM_END,RUN_ENDED_BEFORE_SEMANTIC_CLOSURE,True
TERGR2E_417FB596ED21C4BCCAB6,R02ZF,FIXED_LAG_100MS,453,TERGR2H_37041F5B573A8B0265E2,R02ZF_REUSED_R02ZF_PERSON017,UNSEEN,ACTIVE_AMBIGUOUS,OPTICAL_CONTINUITY_BUT_SAR_P0_CONTINUITY_INTERFACE_UNAVAILABLE,True
TERGR2E_E6AEF53EB65E41D580D7,R02ZF,FIXED_LAG_100MS,494,TERGR2H_37041F5B573A8B0265E2,R02ZF_REUSED_R02ZF_PERSON017,ACTIVE_AMBIGUOUS,CENSORED_AT_STREAM_END,RUN_ENDED_BEFORE_SEMANTIC_CLOSURE,True
TERGR2E_B69A8C65FE4B9749B229,R02ZF,FULL_CONTEXT_OFFLINE,453,TERGR2H_37041F5B573A8B0265E2,R02ZF_REUSED_R02ZF_PERSON017,UNSEEN,ACTIVE_AMBIGUOUS,OPTICAL_CONTINUITY_BUT_SAR_P0_CONTINUITY_INTERFACE_UNAVAILABLE,True
TERGR2E_C0868786ED72AB56B6DF,R02ZF,FULL_CONTEXT_OFFLINE,494,TERGR2H_37041F5B573A8B0265E2,R02ZF_REUSED_R02ZF_PERSON017,ACTIVE_AMBIGUOUS,CENSORED_AT_STREAM_END,RUN_ENDED_BEFORE_SEMANTIC_CLOSURE,True
TERGR2E_6B80A795B0C817BE33D3,R02ZF,CAUSAL_REPLAY,453,TERGR2H_553E6BCFB2342485D890,R02ZF_REUSED_R02ZF_PERSON018,UNSEEN,ADMISSION_PENDING,FIRST_FRAGMENT_OBSERVATION_ONLY,True
TERGR2E_C089A2ECDE23E5937F3E,R02ZF,CAUSAL_REPLAY,455,TERGR2H_553E6BCFB2342485D890,R02ZF_REUSED_R02ZF_PERSON018,ADMISSION_PENDING,ACTIVE_AMBIGUOUS,OPTICAL_CONTINUITY_BUT_SAR_P0_CONTINUITY_INTERFACE_UNAVAILABLE,True
TERGR2E_28F21CA5A9D02E4EA489,R02ZF,CAUSAL_REPLAY,494,TERGR2H_553E6BCFB2342485D890,R02ZF_REUSED_R02ZF_PERSON018,ACTIVE_AMBIGUOUS,CENSORED_AT_STREAM_END,RUN_ENDED_BEFORE_SEMANTIC_CLOSURE,True
TERGR2E_E7F9A9AC100E1C35A57A,R02ZF,FIXED_LAG_100MS,453,TERGR2H_553E6BCFB2342485D890,R02ZF_REUSED_R02ZF_PERSON018,UNSEEN,ACTIVE_AMBIGUOUS,OPTICAL_CONTINUITY_BUT_SAR_P0_CONTINUITY_INTERFACE_UNAVAILABLE,True
TERGR2E_A7F2055E0642307F24AE,R02ZF,FIXED_LAG_100MS,494,TERGR2H_553E6BCFB2342485D890,R02ZF_REUSED_R02ZF_PERSON018,ACTIVE_AMBIGUOUS,CENSORED_AT_STREAM_END,RUN_ENDED_BEFORE_SEMANTIC_CLOSURE,True
TERGR2E_D294B55E7DFA83B24972,R02ZF,FULL_CONTEXT_OFFLINE,453,TERGR2H_553E6BCFB2342485D890,R02ZF_REUSED_R02ZF_PERSON018,UNSEEN,ACTIVE_AMBIGUOUS,OPTICAL_CONTINUITY_BUT_SAR_P0_CONTINUITY_INTERFACE_UNAVAILABLE,True
TERGR2E_ADBC8E922B577EC0D57B,R02ZF,FULL_CONTEXT_OFFLINE,494,TERGR2H_553E6BCFB2342485D890,R02ZF_REUSED_R02ZF_PERSON018,ACTIVE_AMBIGUOUS,CENSORED_AT_STREAM_END,RUN_ENDED_BEFORE_SEMANTIC_CLOSURE,True
TERGR2E_C2BDC589244F1A9F2ACD,R02ZF,CAUSAL_REPLAY,482,TERGR2H_5D0A6A7E37574EB10BDD,R02ZF_REUSED_R02ZF_PERSON021,UNSEEN,ADMISSION_PENDING,FIRST_FRAGMENT_OBSERVATION_ONLY,True
TERGR2E_36BCAB2D56356412C444,R02ZF,CAUSAL_REPLAY,484,TERGR2H_5D0A6A7E37574EB10BDD,R02ZF_REUSED_R02ZF_PERSON021,ADMISSION_PENDING,ACTIVE_AMBIGUOUS,MULTIPLE_RUNTIME_LEGAL_SAR_EXPLANATION_FAMILIES,True
TERGR2E_859489CCCC01A93719C9,R02ZF,CAUSAL_REPLAY,494,TERGR2H_5D0A6A7E37574EB10BDD,R02ZF_REUSED_R02ZF_PERSON021,ACTIVE_AMBIGUOUS,CENSORED_AT_STREAM_END,RUN_ENDED_BEFORE_SEMANTIC_CLOSURE,True
TERGR2E_9B5AD4FF5919C9594C74,R02ZF,FIXED_LAG_100MS,482,TERGR2H_5D0A6A7E37574EB10BDD,R02ZF_REUSED_R02ZF_PERSON021,UNSEEN,ACTIVE_AMBIGUOUS,MULTIPLE_RUNTIME_LEGAL_SAR_EXPLANATION_FAMILIES,True
TERGR2E_C7454CC7B58AD5D7B068,R02ZF,FIXED_LAG_100MS,494,TERGR2H_5D0A6A7E37574EB10BDD,R02ZF_REUSED_R02ZF_PERSON021,ACTIVE_AMBIGUOUS,CENSORED_AT_STREAM_END,RUN_ENDED_BEFORE_SEMANTIC_CLOSURE,True
TERGR2E_C43B21C9BEB03F4900D9,R02ZF,FULL_CONTEXT_OFFLINE,482,TERGR2H_5D0A6A7E37574EB10BDD,R02ZF_REUSED_R02ZF_PERSON021,UNSEEN,ACTIVE_AMBIGUOUS,MULTIPLE_RUNTIME_LEGAL_SAR_EXPLANATION_FAMILIES,True
TERGR2E_AE3995FB03933A4CDC5C,R02ZF,FULL_CONTEXT_OFFLINE,494,TERGR2H_5D0A6A7E37574EB10BDD,R02ZF_REUSED_R02ZF_PERSON021,ACTIVE_AMBIGUOUS,CENSORED_AT_STREAM_END,RUN_ENDED_BEFORE_SEMANTIC_CLOSURE,True
TERGR2E_63287480FC479031CD86,R02ZF,CAUSAL_REPLAY,487,TERGR2H_E0A311F6B20970F1DC1D,R02ZF_REUSED_R02ZF_PERSON023,UNSEEN,ADMISSION_PENDING,FIRST_FRAGMENT_OBSERVATION_ONLY,True
TERGR2E_D98E08F3AB811A92F847,R02ZF,CAUSAL_REPLAY,489,TERGR2H_E0A311F6B20970F1DC1D,R02ZF_REUSED_R02ZF_PERSON023,ADMISSION_PENDING,DORMANT,RAW_FRAGMENT_ENDED_WITHOUT_SEMANTIC_PHYSICAL_CLOSURE,True
TERGR2E_40DF0E028374C20AA898,R02ZF,CAUSAL_REPLAY,494,TERGR2H_E0A311F6B20970F1DC1D,R02ZF_REUSED_R02ZF_PERSON023,DORMANT,CENSORED_AT_STREAM_END,RUN_ENDED_BEFORE_SEMANTIC_CLOSURE,True
TERGR2E_9C2CEB2D1CFBC1D888D2,R02ZF,FIXED_LAG_100MS,487,TERGR2H_E0A311F6B20970F1DC1D,R02ZF_REUSED_R02ZF_PERSON023,UNSEEN,ACTIVE_AMBIGUOUS,MULTIPLE_RUNTIME_LEGAL_SAR_EXPLANATION_FAMILIES,True
TERGR2E_4A076673E9D8C6C7DE0C,R02ZF,FIXED_LAG_100MS,489,TERGR2H_E0A311F6B20970F1DC1D,R02ZF_REUSED_R02ZF_PERSON023,ACTIVE_AMBIGUOUS,DORMANT,RAW_FRAGMENT_ENDED_WITHOUT_SEMANTIC_PHYSICAL_CLOSURE,True
TERGR2E_A1926C7869DA5F7DC7E3,R02ZF,FIXED_LAG_100MS,494,TERGR2H_E0A311F6B20970F1DC1D,R02ZF_REUSED_R02ZF_PERSON023,DORMANT,CENSORED_AT_STREAM_END,RUN_ENDED_BEFORE_SEMANTIC_CLOSURE,True
TERGR2E_4B01CF6FEA785B26BB7F,R02ZF,FULL_CONTEXT_OFFLINE,487,TERGR2H_E0A311F6B20970F1DC1D,R02ZF_REUSED_R02ZF_PERSON023,UNSEEN,ACTIVE_AMBIGUOUS,MULTIPLE_RUNTIME_LEGAL_SAR_EXPLANATION_FAMILIES,True
TERGR2E_AA79906E4D23FA5D5FBC,R02ZF,FULL_CONTEXT_OFFLINE,489,TERGR2H_E0A311F6B20970F1DC1D,R02ZF_REUSED_R02ZF_PERSON023,ACTIVE_AMBIGUOUS,DORMANT,RAW_FRAGMENT_ENDED_WITHOUT_SEMANTIC_PHYSICAL_CLOSURE,True
TERGR2E_7DEE17A04B13F53D8618,R02ZF,FULL_CONTEXT_OFFLINE,494,TERGR2H_E0A311F6B20970F1DC1D,R02ZF_REUSED_R02ZF_PERSON023,DORMANT,CENSORED_AT_STREAM_END,RUN_ENDED_BEFORE_SEMANTIC_CLOSURE,True
TERGR2E_61F69D432A392388344B,R02ZF,CAUSAL_REPLAY,488,TERGR2H_8202DF2DF0B98A632E4D,R02ZF_REUSED_R02ZF_PERSON024,UNSEEN,ADMISSION_PENDING,FIRST_FRAGMENT_OBSERVATION_ONLY,True
TERGR2E_6D30407A02F7DE68FE96,R02ZF,CAUSAL_REPLAY,490,TERGR2H_8202DF2DF0B98A632E4D,R02ZF_REUSED_R02ZF_PERSON024,ADMISSION_PENDING,ACTIVE_AMBIGUOUS,MULTIPLE_RUNTIME_LEGAL_SAR_EXPLANATION_FAMILIES,True
TERGR2E_AD85DB0E6DE23400BF40,R02ZF,CAUSAL_REPLAY,494,TERGR2H_8202DF2DF0B98A632E4D,R02ZF_REUSED_R02ZF_PERSON024,ACTIVE_AMBIGUOUS,CENSORED_AT_STREAM_END,RUN_ENDED_BEFORE_SEMANTIC_CLOSURE,True
TERGR2E_99C04B48FFE518DF74D2,R02ZF,FIXED_LAG_100MS,488,TERGR2H_8202DF2DF0B98A632E4D,R02ZF_REUSED_R02ZF_PERSON024,UNSEEN,ACTIVE_AMBIGUOUS,MULTIPLE_RUNTIME_LEGAL_SAR_EXPLANATION_FAMILIES,True
TERGR2E_B7B4BC694A64DEEC84BA,R02ZF,FIXED_LAG_100MS,494,TERGR2H_8202DF2DF0B98A632E4D,R02ZF_REUSED_R02ZF_PERSON024,ACTIVE_AMBIGUOUS,CENSORED_AT_STREAM_END,RUN_ENDED_BEFORE_SEMANTIC_CLOSURE,True
TERGR2E_8DAD721425D17351F87C,R02ZF,FULL_CONTEXT_OFFLINE,488,TERGR2H_8202DF2DF0B98A632E4D,R02ZF_REUSED_R02ZF_PERSON024,UNSEEN,ACTIVE_AMBIGUOUS,MULTIPLE_RUNTIME_LEGAL_SAR_EXPLANATION_FAMILIES,True
TERGR2E_6D9C0C63EC081DC9BEBB,R02ZF,FULL_CONTEXT_OFFLINE,494,TERGR2H_8202DF2DF0B98A632E4D,R02ZF_REUSED_R02ZF_PERSON024,ACTIVE_AMBIGUOUS,CENSORED_AT_STREAM_END,RUN_ENDED_BEFORE_SEMANTIC_CLOSURE,True
TERGR2E_E264C7F5F6C166A85818,R03ZF,CAUSAL_REPLAY,428,TERGR2H_017D4EC90391551342F8,R03ZF_I01_ANON00001,UNSEEN,ADMISSION_PENDING,FIRST_FRAGMENT_OBSERVATION_ONLY,True
TERGR2E_ECA13A32B1F739FF6581,R03ZF,CAUSAL_REPLAY,429,TERGR2H_017D4EC90391551342F8,R03ZF_I01_ANON00001,ADMISSION_PENDING,CENSORED_AT_BOUNDARY,LAST_OPTICAL_OBSERVATION_TOUCHES_BOUNDARY_DIRECTION_OF_CROSSING_UNRESOLVED,True
TERGR2E_41A393DA3D1CA0620ACC,R03ZF,FIXED_LAG_100MS,428,TERGR2H_017D4EC90391551342F8,R03ZF_I01_ANON00001,UNSEEN,ADMISSION_PENDING,FIRST_FRAGMENT_OBSERVATION_ONLY,True
TERGR2E_3D163A7B5578535E7887,R03ZF,FIXED_LAG_100MS,429,TERGR2H_017D4EC90391551342F8,R03ZF_I01_ANON00001,ADMISSION_PENDING,CENSORED_AT_BOUNDARY,LAST_OPTICAL_OBSERVATION_TOUCHES_BOUNDARY_DIRECTION_OF_CROSSING_UNRESOLVED,True
TERGR2E_723D7DFBE69D5590FBD1,R03ZF,FULL_CONTEXT_OFFLINE,428,TERGR2H_017D4EC90391551342F8,R03ZF_I01_ANON00001,UNSEEN,ADMISSION_PENDING,FIRST_FRAGMENT_OBSERVATION_ONLY,True
TERGR2E_72550CC77113D4C3C02F,R03ZF,FULL_CONTEXT_OFFLINE,429,TERGR2H_017D4EC90391551342F8,R03ZF_I01_ANON00001,ADMISSION_PENDING,CENSORED_AT_BOUNDARY,LAST_OPTICAL_OBSERVATION_TOUCHES_BOUNDARY_DIRECTION_OF_CROSSING_UNRESOLVED,True
TERGR2E_8C6CA04A7F9591AEBADB,R03ZF,CAUSAL_REPLAY,428,TERGR2H_AD88C93F9F59AE75BC63,R03ZF_I01_ANON00002,UNSEEN,ADMISSION_PENDING,FIRST_FRAGMENT_OBSERVATION_ONLY,True
TERGR2E_7CD1E2DF1288B8F36A4C,R03ZF,CAUSAL_REPLAY,429,TERGR2H_AD88C93F9F59AE75BC63,R03ZF_I01_ANON00002,ADMISSION_PENDING,CENSORED_AT_BOUNDARY,LAST_OPTICAL_OBSERVATION_TOUCHES_BOUNDARY_DIRECTION_OF_CROSSING_UNRESOLVED,True
TERGR2E_643F6437AAB748AFA64D,R03ZF,FIXED_LAG_100MS,428,TERGR2H_AD88C93F9F59AE75BC63,R03ZF_I01_ANON00002,UNSEEN,ADMISSION_PENDING,FIRST_FRAGMENT_OBSERVATION_ONLY,True
TERGR2E_4EF7D26CD13BD58AC5A0,R03ZF,FIXED_LAG_100MS,429,TERGR2H_AD88C93F9F59AE75BC63,R03ZF_I01_ANON00002,ADMISSION_PENDING,CENSORED_AT_BOUNDARY,LAST_OPTICAL_OBSERVATION_TOUCHES_BOUNDARY_DIRECTION_OF_CROSSING_UNRESOLVED,True
TERGR2E_05EB15C880A372069535,R03ZF,FULL_CONTEXT_OFFLINE,428,TERGR2H_AD88C93F9F59AE75BC63,R03ZF_I01_ANON00002,UNSEEN,ADMISSION_PENDING,FIRST_FRAGMENT_OBSERVATION_ONLY,True
TERGR2E_9C0C83B44362E933B057,R03ZF,FULL_CONTEXT_OFFLINE,429,TERGR2H_AD88C93F9F59AE75BC63,R03ZF_I01_ANON00002,ADMISSION_PENDING,CENSORED_AT_BOUNDARY,LAST_OPTICAL_OBSERVATION_TOUCHES_BOUNDARY_DIRECTION_OF_CROSSING_UNRESOLVED,True
TERGR2E_20AD7F8C7D7AA12F6960,R03ZF,CAUSAL_REPLAY,430,TERGR2H_2DB12476825920F48A5B,R03ZF_I01_ANON00003,UNSEEN,ADMISSION_PENDING,FIRST_FRAGMENT_OBSERVATION_ONLY,True
TERGR2E_2CAA31DB9969166384B7,R03ZF,CAUSAL_REPLAY,431,TERGR2H_2DB12476825920F48A5B,R03ZF_I01_ANON00003,ADMISSION_PENDING,CENSORED_AT_BOUNDARY,LAST_OPTICAL_OBSERVATION_TOUCHES_BOUNDARY_DIRECTION_OF_CROSSING_UNRESOLVED,True
TERGR2E_13E6B4E16DFA037F2609,R03ZF,FIXED_LAG_100MS,430,TERGR2H_2DB12476825920F48A5B,R03ZF_I01_ANON00003,UNSEEN,ADMISSION_PENDING,FIRST_FRAGMENT_OBSERVATION_ONLY,True
TERGR2E_7262DE1BBB5A8A4179A7,R03ZF,FIXED_LAG_100MS,431,TERGR2H_2DB12476825920F48A5B,R03ZF_I01_ANON00003,ADMISSION_PENDING,CENSORED_AT_BOUNDARY,LAST_OPTICAL_OBSERVATION_TOUCHES_BOUNDARY_DIRECTION_OF_CROSSING_UNRESOLVED,True
TERGR2E_336DD190C9D8D69B305F,R03ZF,FULL_CONTEXT_OFFLINE,430,TERGR2H_2DB12476825920F48A5B,R03ZF_I01_ANON00003,UNSEEN,ADMISSION_PENDING,FIRST_FRAGMENT_OBSERVATION_ONLY,True
TERGR2E_7BAD5BFF0FA76F53F814,R03ZF,FULL_CONTEXT_OFFLINE,431,TERGR2H_2DB12476825920F48A5B,R03ZF_I01_ANON00003,ADMISSION_PENDING,CENSORED_AT_BOUNDARY,LAST_OPTICAL_OBSERVATION_TOUCHES_BOUNDARY_DIRECTION_OF_CROSSING_UNRESOLVED,True
TERGR2E_3C0AE98D31E4AF48B72A,R03ZF,CAUSAL_REPLAY,430,TERGR2H_39438501D729CCD22C27,R03ZF_I01_ANON00004,UNSEEN,ADMISSION_PENDING,FIRST_FRAGMENT_OBSERVATION_ONLY,True
TERGR2E_880511090361A8161047,R03ZF,CAUSAL_REPLAY,431,TERGR2H_39438501D729CCD22C27,R03ZF_I01_ANON00004,ADMISSION_PENDING,CENSORED_AT_BOUNDARY,LAST_OPTICAL_OBSERVATION_TOUCHES_BOUNDARY_DIRECTION_OF_CROSSING_UNRESOLVED,True
TERGR2E_A94BA382B7E831334635,R03ZF,FIXED_LAG_100MS,430,TERGR2H_39438501D729CCD22C27,R03ZF_I01_ANON00004,UNSEEN,ADMISSION_PENDING,FIRST_FRAGMENT_OBSERVATION_ONLY,True
TERGR2E_A9ABB95F1AEAED914BA7,R03ZF,FIXED_LAG_100MS,431,TERGR2H_39438501D729CCD22C27,R03ZF_I01_ANON00004,ADMISSION_PENDING,CENSORED_AT_BOUNDARY,LAST_OPTICAL_OBSERVATION_TOUCHES_BOUNDARY_DIRECTION_OF_CROSSING_UNRESOLVED,True
TERGR2E_76ACEE6AE00EA2743906,R03ZF,FULL_CONTEXT_OFFLINE,430,TERGR2H_39438501D729CCD22C27,R03ZF_I01_ANON00004,UNSEEN,ADMISSION_PENDING,FIRST_FRAGMENT_OBSERVATION_ONLY,True
TERGR2E_D02EE8FEF5079B423669,R03ZF,FULL_CONTEXT_OFFLINE,431,TERGR2H_39438501D729CCD22C27,R03ZF_I01_ANON00004,ADMISSION_PENDING,CENSORED_AT_BOUNDARY,LAST_OPTICAL_OBSERVATION_TOUCHES_BOUNDARY_DIRECTION_OF_CROSSING_UNRESOLVED,True
TERGR2E_3F633C833582166D4C1E,R03ZF,CAUSAL_REPLAY,432,TERGR2H_732731650B0CF0D92381,R03ZF_I01_T0004,UNSEEN,ADMISSION_PENDING,FIRST_FRAGMENT_OBSERVATION_ONLY,True
TERGR2E_E14442746921195DA18D,R03ZF,CAUSAL_REPLAY,434,TERGR2H_732731650B0CF0D92381,R03ZF_I01_T0004,ADMISSION_PENDING,ACTIVE_AMBIGUOUS,OPTICAL_CONTINUITY_BUT_SAR_P0_CONTINUITY_INTERFACE_UNAVAILABLE,True
TERGR2E_63915BC126ABA1118304,R03ZF,CAUSAL_REPLAY,459,TERGR2H_732731650B0CF0D92381,R03ZF_I01_T0004,ACTIVE_AMBIGUOUS,ACTIVE,REPEATED_OPTICAL_CONTINUITY_AND_ONE_PREFIX_P0_FAMILY,True
TERGR2E_E67D7390649E5014A25C,R03ZF,CAUSAL_REPLAY,460,TERGR2H_732731650B0CF0D92381,R03ZF_I01_T0004,ACTIVE,ACTIVE_AMBIGUOUS,MULTIPLE_RUNTIME_LEGAL_SAR_EXPLANATION_FAMILIES,True
TERGR2E_681B2F3B16BD1E725B82,R03ZF,CAUSAL_REPLAY,466,TERGR2H_732731650B0CF0D92381,R03ZF_I01_T0004,ACTIVE_AMBIGUOUS,ACTIVE,REPEATED_OPTICAL_CONTINUITY_AND_ONE_PREFIX_P0_FAMILY,True
TERGR2E_80CD3E9CB1F11EB61022,R03ZF,CAUSAL_REPLAY,467,TERGR2H_732731650B0CF0D92381,R03ZF_I01_T0004,ACTIVE,ACTIVE_AMBIGUOUS,MULTIPLE_RUNTIME_LEGAL_SAR_EXPLANATION_FAMILIES,True
TERGR2E_E8397EA9092987686CA0,R03ZF,CAUSAL_REPLAY,470,TERGR2H_732731650B0CF0D92381,R03ZF_I01_T0004,ACTIVE_AMBIGUOUS,ACTIVE,REPEATED_OPTICAL_CONTINUITY_AND_ONE_PREFIX_P0_FAMILY,True
TERGR2E_0FD459432C598C289ECA,R03ZF,CAUSAL_REPLAY,471,TERGR2H_732731650B0CF0D92381,R03ZF_I01_T0004,ACTIVE,ACTIVE_AMBIGUOUS,MULTIPLE_RUNTIME_LEGAL_SAR_EXPLANATION_FAMILIES,True
TERGR2E_3497C8F285912C7BBC86,R03ZF,CAUSAL_REPLAY,494,TERGR2H_732731650B0CF0D92381,R03ZF_I01_T0004,ACTIVE_AMBIGUOUS,CENSORED_AT_STREAM_END,RUN_ENDED_BEFORE_SEMANTIC_CLOSURE,True
TERGR2E_6261FD55B79B5DDB80FF,R03ZF,FIXED_LAG_100MS,432,TERGR2H_732731650B0CF0D92381,R03ZF_I01_T0004,UNSEEN,ACTIVE_AMBIGUOUS,OPTICAL_CONTINUITY_BUT_SAR_P0_CONTINUITY_INTERFACE_UNAVAILABLE,True
TERGR2E_DECAE23C770DFCB2F23B,R03ZF,FIXED_LAG_100MS,466,TERGR2H_732731650B0CF0D92381,R03ZF_I01_T0004,ACTIVE_AMBIGUOUS,ACTIVE,REPEATED_OPTICAL_CONTINUITY_AND_ONE_PREFIX_P0_FAMILY,True
TERGR2E_AA1F49FDA13030F74D40,R03ZF,FIXED_LAG_100MS,467,TERGR2H_732731650B0CF0D92381,R03ZF_I01_T0004,ACTIVE,ACTIVE_AMBIGUOUS,MULTIPLE_RUNTIME_LEGAL_SAR_EXPLANATION_FAMILIES,True
TERGR2E_FCB41B28360AFFA4291C,R03ZF,FIXED_LAG_100MS,470,TERGR2H_732731650B0CF0D92381,R03ZF_I01_T0004,ACTIVE_AMBIGUOUS,ACTIVE,REPEATED_OPTICAL_CONTINUITY_AND_ONE_PREFIX_P0_FAMILY,True
TERGR2E_7FE6977E0700FDFA47E2,R03ZF,FIXED_LAG_100MS,471,TERGR2H_732731650B0CF0D92381,R03ZF_I01_T0004,ACTIVE,ACTIVE_AMBIGUOUS,MULTIPLE_RUNTIME_LEGAL_SAR_EXPLANATION_FAMILIES,True
TERGR2E_C6227E8DFE3A0350CD7F,R03ZF,FIXED_LAG_100MS,494,TERGR2H_732731650B0CF0D92381,R03ZF_I01_T0004,ACTIVE_AMBIGUOUS,CENSORED_AT_STREAM_END,RUN_ENDED_BEFORE_SEMANTIC_CLOSURE,True
TERGR2E_4DF9DAE643204909FD98,R03ZF,FULL_CONTEXT_OFFLINE,432,TERGR2H_732731650B0CF0D92381,R03ZF_I01_T0004,UNSEEN,ACTIVE_AMBIGUOUS,OPTICAL_CONTINUITY_BUT_SAR_P0_CONTINUITY_INTERFACE_UNAVAILABLE,True
TERGR2E_443474BD7CD35039A8F9,R03ZF,FULL_CONTEXT_OFFLINE,494,TERGR2H_732731650B0CF0D92381,R03ZF_I01_T0004,ACTIVE_AMBIGUOUS,CENSORED_AT_STREAM_END,RUN_ENDED_BEFORE_SEMANTIC_CLOSURE,True
