scenario,entity_kind,run_id,frame_index,entity_id,target_id_oracle,range_tolerance_m,range_oracle_level,N_region_before,N_region_after,N_family_before,N_family_after,A_candidate_px_before,A_candidate_px_after,A_candidate_m2_before,A_candidate_m2_after,reference_range_retained,oracle_diagnostic_only,counterexample_kind
FULL_STREAM_P0,RAW_FRAGMENT,R01ZF,15,R01ZF_REUSED_R01ZF_PERSON001,R01ZF_SARPERSON02,3.0,COARSE_RANGE_PM_3M,23,7,20,7,7334.0,2934.0,8.389303725263357,3.3561790468942854,True,True,PM3M_STILL_MULTIPLE_FAMILIES
FULL_STREAM_P0,RAW_FRAGMENT,R01ZF,17,R01ZF_REUSED_R01ZF_PERSON001,R01ZF_SARPERSON02,3.0,COARSE_RANGE_PM_3M,21,6,16,6,7111.0,1845.0,8.134215815427831,2.1104806889979404,True,True,PM3M_STILL_MULTIPLE_FAMILIES
FULL_STREAM_P0,RAW_FRAGMENT,R01ZF,15,R01ZF_REUSED_R01ZF_PERSON002,R01ZF_SARPERSON03,3.0,COARSE_RANGE_PM_3M,22,5,19,5,6275.0,2028.0,7.177922126537711,2.3198129199391992,True,True,PM3M_STILL_MULTIPLE_FAMILIES
FULL_STREAM_P0,RAW_FRAGMENT,R01ZF,20,R01ZF_REUSED_R01ZF_PERSON001,R01ZF_SARPERSON02,3.0,COARSE_RANGE_PM_3M,21,5,17,5,9006.0,1892.0,10.301891103043607,2.1642436116987005,True,True,PM3M_STILL_MULTIPLE_FAMILIES
FULL_STREAM_P0,RAW_FRAGMENT,R01ZF,20,R01ZF_REUSED_R01ZF_PERSON002,R01ZF_SARPERSON03,3.0,COARSE_RANGE_PM_3M,21,6,17,5,8774.0,1489.0,10.03650816545687,1.703255146838988,True,True,PM3M_STILL_MULTIPLE_FAMILIES
FULL_STREAM_P0,RAW_FRAGMENT,R01ZF,35,R01ZF_REUSED_R01ZF_PERSON001,R01ZF_SARPERSON02,3.0,COARSE_RANGE_PM_3M,19,5,17,5,5656.0,1256.0,6.469852995648971,1.4367283172798986,True,True,PM3M_STILL_MULTIPLE_FAMILIES
FULL_STREAM_P0,RAW_FRAGMENT,R01ZF,17,R01ZF_REUSED_R01ZF_PERSON002,R01ZF_SARPERSON03,3.0,COARSE_RANGE_PM_3M,21,5,16,5,7675.0,1296.0,8.77937088783696,1.4824839961741627,True,True,PM3M_STILL_MULTIPLE_FAMILIES
FULL_STREAM_P0,RAW_FRAGMENT,R01ZF,65,R01ZF_REUSED_R01ZF_PERSON001,R01ZF_SARPERSON02,3.0,COARSE_RANGE_PM_3M,17,5,16,5,6189.0,1412.0,7.079547416915041,1.6151754649675292,True,True,PM3M_STILL_MULTIPLE_FAMILIES
FULL_STREAM_P0,RAW_FRAGMENT,R01ZF,47,R01ZF_REUSED_R01ZF_PERSON002,R01ZF_SARPERSON03,3.0,COARSE_RANGE_PM_3M,15,5,15,5,6253.0,1972.0,7.152756503145863,2.255754969487229,True,True,PM3M_STILL_MULTIPLE_FAMILIES
FULL_STREAM_P0,RAW_FRAGMENT,R01ZF,47,R01ZF_REUSED_R01ZF_PERSON003,R01ZF_SARPERSON01,3.0,COARSE_RANGE_PM_3M,20,4,20,4,8073.0,886.0,9.234639892834888,1.0134882875079538,True,True,PM3M_STILL_MULTIPLE_FAMILIES
FULL_STREAM_P0,RAW_FRAGMENT,R01ZF,30,R01ZF_REUSED_R01ZF_PERSON001,R01ZF_SARPERSON02,3.0,COARSE_RANGE_PM_3M,22,4,19,4,7101.0,1563.0,8.12277689570427,1.7879031527933769,True,True,PM3M_STILL_MULTIPLE_FAMILIES
FULL_STREAM_P0,RAW_FRAGMENT,R01ZF,30,R01ZF_REUSED_R01ZF_PERSON002,R01ZF_SARPERSON03,3.0,COARSE_RANGE_PM_3M,19,4,18,4,6659.0,1961.0,7.617176643922646,2.2431721577913066,True,True,PM3M_STILL_MULTIPLE_FAMILIES
FULL_STREAM_P0,RAW_FRAGMENT,R01ZF,25,R01ZF_REUSED_R01ZF_PERSON002,R01ZF_SARPERSON03,3.0,COARSE_RANGE_PM_3M,22,4,17,4,7190.0,1880.0,8.224583281244005,2.150516908030421,True,True,PM3M_STILL_MULTIPLE_FAMILIES
FULL_STREAM_P0,RAW_FRAGMENT,R01ZF,35,R01ZF_REUSED_R01ZF_PERSON002,R01ZF_SARPERSON03,3.0,COARSE_RANGE_PM_3M,18,4,17,4,5591.0,1102.0,6.395500017445791,1.260568953536981,True,True,PM3M_STILL_MULTIPLE_FAMILIES
FULL_STREAM_P0,RAW_FRAGMENT,R01ZF,62,R01ZF_REUSED_R01ZF_PERSON002,R01ZF_SARPERSON03,3.0,COARSE_RANGE_PM_3M,20,4,17,4,7447.0,1162.0,8.518563518139654,1.3292024718783773,True,True,PM3M_STILL_MULTIPLE_FAMILIES
FULL_STREAM_P0,RAW_FRAGMENT,R01ZF,28,R01ZF_REUSED_R01ZF_PERSON001,R01ZF_SARPERSON02,3.0,COARSE_RANGE_PM_3M,20,4,16,4,6613.0,1460.0,7.564557613194243,1.6700822796406463,True,True,PM3M_STILL_MULTIPLE_FAMILIES
FULL_STREAM_P0,RAW_FRAGMENT,R01ZF,62,R01ZF_REUSED_R01ZF_PERSON001,R01ZF_SARPERSON02,3.0,COARSE_RANGE_PM_3M,17,4,16,4,5870.0,727.0,6.714645877733284,0.8316094639032534,True,True,PM3M_STILL_MULTIPLE_FAMILIES
FULL_STREAM_P0,RAW_FRAGMENT,R01ZF,70,R01ZF_REUSED_R01ZF_PERSON001,R01ZF_SARPERSON02,3.0,COARSE_RANGE_PM_3M,17,4,16,4,7523.0,1490.0,8.605499308038755,1.7043990388113444,True,True,PM3M_STILL_MULTIPLE_FAMILIES
FULL_STREAM_P0,RAW_FRAGMENT,R01ZF,10,R01ZF_REUSED_R01ZF_PERSON002,R01ZF_SARPERSON03,3.0,COARSE_RANGE_PM_3M,17,4,15,4,7482.0,1699.0,8.558599737172134,1.9434724610338754,True,True,PM3M_STILL_MULTIPLE_FAMILIES
FULL_STREAM_P0,RAW_FRAGMENT,R01ZF,25,R01ZF_REUSED_R01ZF_PERSON001,R01ZF_SARPERSON02,3.0,COARSE_RANGE_PM_3M,22,4,15,4,6922.0,1880.0,7.9180202326524345,2.150516908030421,True,True,PM3M_STILL_MULTIPLE_FAMILIES
FULL_STREAM_P0,RAW_FRAGMENT,R01ZF,45,R01ZF_REUSED_R01ZF_PERSON001,R01ZF_SARPERSON02,3.0,COARSE_RANGE_PM_3M,17,4,15,4,7862.0,1534.0,8.993278686667644,1.7547302855950355,True,True,PM3M_STILL_MULTIPLE_FAMILIES
FULL_STREAM_P0,RAW_FRAGMENT,R01ZF,47,R01ZF_REUSED_R01ZF_PERSON001,R01ZF_SARPERSON02,3.0,COARSE_RANGE_PM_3M,16,4,15,4,6278.0,1229.0,7.18135380245478,1.40584323402627,True,True,PM3M_STILL_MULTIPLE_FAMILIES
FULL_STREAM_P0,RAW_FRAGMENT,R01ZF,45,R01ZF_REUSED_R01ZF_PERSON002,R01ZF_SARPERSON03,3.0,COARSE_RANGE_PM_3M,14,4,14,4,7238.0,1487.0,8.279490095917124,1.700967362894275,True,True,PM3M_STILL_MULTIPLE_FAMILIES
FULL_STREAM_P0,RAW_FRAGMENT,R01ZF,65,R01ZF_REUSED_R01ZF_PERSON003,R01ZF_SARPERSON01,3.0,COARSE_RANGE_PM_3M,15,4,14,4,4688.0,950.0,5.362565566407774,1.0866973737387768,True,True,PM3M_STILL_MULTIPLE_FAMILIES
FULL_STREAM_P0,RAW_FRAGMENT,R01ZF,75,R01ZF_REUSED_R01ZF_PERSON003,R01ZF_SARPERSON01,3.0,COARSE_RANGE_PM_3M,17,5,14,4,7918.0,1400.0,9.057336637119615,1.60144876129925,True,True,PM3M_STILL_MULTIPLE_FAMILIES
FULL_STREAM_P0,RAW_FRAGMENT,R01ZF,70,R01ZF_REUSED_R01ZF_PERSON003,R01ZF_SARPERSON01,3.0,COARSE_RANGE_PM_3M,14,4,11,4,4386.0,1401.0,5.017110190756078,1.6025926532716064,True,True,PM3M_STILL_MULTIPLE_FAMILIES
FULL_STREAM_P0,RAW_FRAGMENT,R01ZF,50,R01ZF_REUSED_R01ZF_PERSON003,R01ZF_SARPERSON01,3.0,COARSE_RANGE_PM_3M,19,3,19,3,6954.0,876.0,7.9546247757678445,1.0020493677843878,True,True,PM3M_STILL_MULTIPLE_FAMILIES
FULL_STREAM_P0,RAW_FRAGMENT,R01ZF,55,R01ZF_REUSED_R01ZF_PERSON003,R01ZF_SARPERSON01,3.0,COARSE_RANGE_PM_3M,19,3,19,3,5753.0,734.0,6.580810516967561,0.8396167077097496,True,True,PM3M_STILL_MULTIPLE_FAMILIES
FULL_STREAM_P0,RAW_FRAGMENT,R01ZF,28,R01ZF_REUSED_R01ZF_PERSON002,R01ZF_SARPERSON03,3.0,COARSE_RANGE_PM_3M,18,3,16,3,5760.0,1312.0,6.588817760774057,1.5007862677318684,True,True,PM3M_STILL_MULTIPLE_FAMILIES
FULL_STREAM_P0,RAW_FRAGMENT,R01ZF,62,R01ZF_REUSED_R01ZF_PERSON003,R01ZF_SARPERSON01,3.0,COARSE_RANGE_PM_3M,18,3,16,3,6350.0,1012.0,7.263714024464455,1.1576186760248866,True,True,PM3M_STILL_MULTIPLE_FAMILIES
FULL_STREAM_P0,RAW_FRAGMENT,R01ZF,65,R01ZF_REUSED_R01ZF_PERSON002,R01ZF_SARPERSON03,3.0,COARSE_RANGE_PM_3M,17,3,16,3,6944.0,1241.0,7.94318585604428,1.4195699376945494,True,True,PM3M_STILL_MULTIPLE_FAMILIES
FULL_STREAM_P0,RAW_FRAGMENT,R01ZF,77,R01ZF_REUSED_R01ZF_PERSON001,R01ZF_SARPERSON02,3.0,COARSE_RANGE_PM_3M,17,3,16,3,6731.0,1269.0,7.6995368659323224,1.4515989129205344,True,True,PM3M_STILL_MULTIPLE_FAMILIES
FULL_STREAM_P0,RAW_FRAGMENT,R01ZF,80,R01ZF_REUSED_R01ZF_PERSON003,R01ZF_SARPERSON01,3.0,COARSE_RANGE_PM_3M,18,4,16,3,6448.0,1357.0,7.375815437755403,1.5522614064879157,True,True,PM3M_STILL_MULTIPLE_FAMILIES
FULL_STREAM_P0,RAW_FRAGMENT,R01ZF,10,R01ZF_REUSED_R01ZF_PERSON001,R01ZF_SARPERSON02,3.0,COARSE_RANGE_PM_3M,16,3,14,3,7432.0,1594.0,8.501405138554304,1.8233638039364317,True,True,PM3M_STILL_MULTIPLE_FAMILIES
FULL_STREAM_P0,RAW_FRAGMENT,R01ZF,60,R01ZF_REUSED_R01ZF_PERSON002,R01ZF_SARPERSON03,3.0,COARSE_RANGE_PM_3M,16,3,14,3,5955.0,1354.0,6.811876695383596,1.548829730570846,True,True,PM3M_STILL_MULTIPLE_FAMILIES
FULL_STREAM_P0,RAW_FRAGMENT,R01ZF,70,R01ZF_REUSED_R01ZF_PERSON002,R01ZF_SARPERSON03,3.0,COARSE_RANGE_PM_3M,15,3,14,3,7240.0,1350.0,8.281777879861835,1.5442541626814195,True,True,PM3M_STILL_MULTIPLE_FAMILIES
FULL_STREAM_P0,RAW_FRAGMENT,R01ZF,80,R01ZF_REUSED_R01ZF_PERSON001,R01ZF_SARPERSON02,3.0,COARSE_RANGE_PM_3M,16,3,14,3,6281.0,1287.0,7.1847854783718486,1.4721889684229534,True,True,PM3M_STILL_MULTIPLE_FAMILIES
FULL_STREAM_P0,RAW_FRAGMENT,R01ZF,5,R01ZF_REUSED_R01ZF_PERSON001,R01ZF_SARPERSON02,3.0,COARSE_RANGE_PM_3M,13,3,13,3,5800.0,1260.0,6.634573439668321,1.441303885169325,True,True,PM3M_STILL_MULTIPLE_FAMILIES
FULL_STREAM_P0,RAW_FRAGMENT,R01ZF,50,R01ZF_REUSED_R01ZF_PERSON001,R01ZF_SARPERSON02,3.0,COARSE_RANGE_PM_3M,14,3,13,3,6304.0,752.0,7.211094993736052,0.8602067632121685,True,True,PM3M_STILL_MULTIPLE_FAMILIES
FULL_STREAM_P0,RAW_FRAGMENT,R01ZF,66,R01ZF_REUSED_R01ZF_PERSON003,R01ZF_SARPERSON01,3.0,COARSE_RANGE_PM_3M,15,3,13,3,5288.0,908.0,6.048900749821739,1.0386539108997992,True,True,PM3M_STILL_MULTIPLE_FAMILIES
FULL_STREAM_P0,RAW_FRAGMENT,R01ZF,60,R01ZF_REUSED_R01ZF_PERSON001,R01ZF_SARPERSON02,3.0,COARSE_RANGE_PM_3M,12,3,12,3,5531.0,1354.0,6.326866499104395,1.548829730570846,True,True,PM3M_STILL_MULTIPLE_FAMILIES
FULL_STREAM_P0,RAW_FRAGMENT,R01ZF,66,R01ZF_REUSED_R01ZF_PERSON001,R01ZF_SARPERSON02,3.0,COARSE_RANGE_PM_3M,13,3,12,3,5985.0,1281.0,6.846193454554293,1.4653256165888138,True,True,PM3M_STILL_MULTIPLE_FAMILIES
FULL_STREAM_P0,RAW_FRAGMENT,R01ZF,50,R01ZF_REUSED_R01ZF_PERSON002,R01ZF_SARPERSON03,3.0,COARSE_RANGE_PM_3M,11,3,11,3,6032.0,1038.0,6.899956377255054,1.187359867306158,True,True,PM3M_STILL_MULTIPLE_FAMILIES
FULL_STREAM_P0,RAW_FRAGMENT,R01ZF,55,R01ZF_REUSED_R01ZF_PERSON002,R01ZF_SARPERSON03,3.0,COARSE_RANGE_PM_3M,12,3,11,3,6486.0,1211.0,7.419283332704953,1.3852531785238513,True,True,PM3M_STILL_MULTIPLE_FAMILIES
FULL_STREAM_P0,RAW_FRAGMENT,R02ZF,483,R02ZF_REUSED_R02ZF_PERSON018,R02ZF_SARPERSON02,3.0,COARSE_RANGE_PM_3M,10,3,10,3,4239.0,1831.0,4.848958070819657,2.0944662013849475,True,True,PM3M_STILL_MULTIPLE_FAMILIES
FULL_STREAM_P0,RAW_FRAGMENT,R02ZF,494,R02ZF_REUSED_R02ZF_PERSON021,R02ZF_SARPERSON03,3.0,COARSE_RANGE_PM_3M,10,3,10,3,3423.0,1139.0,3.9155422213766657,1.3028929565141756,True,True,PM3M_STILL_MULTIPLE_FAMILIES
FULL_STREAM_P0,RAW_FRAGMENT,R02ZF,482,R02ZF_REUSED_R02ZF_PERSON017,R02ZF_SARPERSON01,3.0,COARSE_RANGE_PM_3M,9,3,9,3,3822.0,1753.0,4.371955118346952,2.0052426275411324,True,True,PM3M_STILL_MULTIPLE_FAMILIES
FULL_STREAM_P0,RAW_FRAGMENT,R02ZF,482,R02ZF_REUSED_R02ZF_PERSON018,R02ZF_SARPERSON02,3.0,COARSE_RANGE_PM_3M,9,3,9,3,3479.0,1753.0,3.979600171828636,2.0052426275411324,True,True,PM3M_STILL_MULTIPLE_FAMILIES
FULL_STREAM_P0,RAW_FRAGMENT,R02ZF,483,R02ZF_REUSED_R02ZF_PERSON017,R02ZF_SARPERSON01,3.0,COARSE_RANGE_PM_3M,9,3,9,3,4202.0,1831.0,4.806634067842463,2.0944662013849475,True,True,PM3M_STILL_MULTIPLE_FAMILIES
FULL_STREAM_P0,RAW_FRAGMENT,R01ZF,45,R01ZF_REUSED_R01ZF_PERSON003,R01ZF_SARPERSON01,3.0,COARSE_RANGE_PM_3M,22,2,20,2,6921.0,826.0,7.916876340680078,0.9448547691665574,True,True,PM3M_STILL_MULTIPLE_FAMILIES
FULL_STREAM_P0,RAW_FRAGMENT,R01ZF,77,R01ZF_REUSED_R01ZF_PERSON003,R01ZF_SARPERSON01,3.0,COARSE_RANGE_PM_3M,19,3,16,2,8203.0,1198.0,9.383345849241248,1.3703825828832152,True,True,PM3M_STILL_MULTIPLE_FAMILIES
FULL_STREAM_P0,RAW_FRAGMENT,R01ZF,60,R01ZF_REUSED_R01ZF_PERSON003,R01ZF_SARPERSON01,3.0,COARSE_RANGE_PM_3M,19,2,15,2,6498.0,739.0,7.433010036373233,0.8453361675715326,True,True,PM3M_STILL_MULTIPLE_FAMILIES
FULL_STREAM_P0,RAW_FRAGMENT,R01ZF,77,R01ZF_REUSED_R01ZF_PERSON002,R01ZF_SARPERSON03,3.0,COARSE_RANGE_PM_3M,16,2,15,2,6235.0,862.0,7.132166447643446,0.9860348801713953,True,True,PM3M_STILL_MULTIPLE_FAMILIES
FULL_STREAM_P0,RAW_FRAGMENT,R01ZF,5,R01ZF_REUSED_R01ZF_PERSON002,R01ZF_SARPERSON03,3.0,COARSE_RANGE_PM_3M,15,2,14,2,6866.0,953.0,7.853962282200465,1.0901290496558467,True,True,PM3M_STILL_MULTIPLE_FAMILIES
FULL_STREAM_P0,RAW_FRAGMENT,R01ZF,75,R01ZF_REUSED_R01ZF_PERSON001,R01ZF_SARPERSON02,3.0,COARSE_RANGE_PM_3M,14,2,13,2,7020.0,1187.0,8.030121645943382,1.3577997711872927,True,True,PM3M_STILL_MULTIPLE_FAMILIES
FULL_STREAM_P0,RAW_FRAGMENT,R01ZF,85,R01ZF_REUSED_R01ZF_PERSON003,R01ZF_SARPERSON01,3.0,COARSE_RANGE_PM_3M,13,2,13,2,4814.0,581.0,5.506695954924707,0.6646012359391887,True,True,PM3M_STILL_MULTIPLE_FAMILIES
FULL_STREAM_P0,RAW_FRAGMENT,R01ZF,93,R01ZF_REUSED_R01ZF_PERSON003,R01ZF_SARPERSON01,3.0,COARSE_RANGE_PM_3M,16,2,13,2,4579.0,672.0,5.237881341420904,0.76869540542364,True,True,PM3M_STILL_MULTIPLE_FAMILIES
FULL_STREAM_P0,RAW_FRAGMENT,R01ZF,110,R01ZF_REUSED_R01ZF_PERSON003,R01ZF_SARPERSON01,3.0,COARSE_RANGE_PM_3M,14,2,13,2,3539.0,597.0,4.048233690170031,0.6829035074968944,True,True,PM3M_STILL_MULTIPLE_FAMILIES
FULL_STREAM_P0,RAW_FRAGMENT,R01ZF,66,R01ZF_REUSED_R01ZF_PERSON002,R01ZF_SARPERSON03,3.0,COARSE_RANGE_PM_3M,12,2,12,2,5959.0,1220.0,6.816452263273021,1.3955482062750608,True,True,PM3M_STILL_MULTIPLE_FAMILIES
FULL_STREAM_P0,RAW_FRAGMENT,R01ZF,90,R01ZF_REUSED_R01ZF_PERSON003,R01ZF_SARPERSON01,3.0,COARSE_RANGE_PM_3M,15,2,12,2,5983.0,531.0,6.843905670609581,0.6074066373213584,True,True,PM3M_STILL_MULTIPLE_FAMILIES
FULL_STREAM_P0,RAW_FRAGMENT,R01ZF,55,R01ZF_REUSED_R01ZF_PERSON001,R01ZF_SARPERSON02,3.0,COARSE_RANGE_PM_3M,12,2,11,2,6789.0,834.0,7.765882600329006,0.9540059049454104,True,True,PM3M_STILL_MULTIPLE_FAMILIES
FULL_STREAM_P0,RAW_FRAGMENT,R01ZF,90,R01ZF_REUSED_R01ZF_PERSON001,R01ZF_SARPERSON02,3.0,COARSE_RANGE_PM_3M,11,2,11,2,3573.0,645.0,4.087126017230157,0.7378103221700116,True,True,PM3M_STILL_MULTIPLE_FAMILIES
FULL_STREAM_P0,RAW_FRAGMENT,R01ZF,40,R01ZF_REUSED_R01ZF_PERSON002,R01ZF_SARPERSON03,3.0,COARSE_RANGE_PM_3M,10,2,10,2,7769.0,1176.0,8.88689673323848,1.34521695949137,True,True,PM3M_STILL_MULTIPLE_FAMILIES
FULL_STREAM_P0,RAW_FRAGMENT,R01ZF,85,R01ZF_REUSED_R01ZF_PERSON001,R01ZF_SARPERSON02,3.0,COARSE_RANGE_PM_3M,10,2,10,2,3842.0,705.0,4.394832957794085,0.8064438405114079,True,True,PM3M_STILL_MULTIPLE_FAMILIES
FULL_STREAM_P0,RAW_FRAGMENT,R01ZF,40,R01ZF_REUSED_R01ZF_PERSON001,R01ZF_SARPERSON02,3.0,COARSE_RANGE_PM_3M,9,2,9,2,9967.0,1176.0,11.401171288478304,1.34521695949137,True,True,PM3M_STILL_MULTIPLE_FAMILIES
FULL_STREAM_P0,RAW_FRAGMENT,R02ZF,473,R02ZF_REUSED_R02ZF_PERSON017,R02ZF_SARPERSON01,3.0,COARSE_RANGE_PM_3M,11,4,9,2,3611.0,1626.0,4.130593912179708,1.859968347051843,True,True,PM3M_STILL_MULTIPLE_FAMILIES
FULL_STREAM_P0,RAW_FRAGMENT,R01ZF,0,R01ZF_REUSED_R01ZF_PERSON001,R01ZF_SARPERSON02,3.0,COARSE_RANGE_PM_3M,10,2,8,2,5156.0,1203.0,5.897907009470666,1.3761020427449984,True,True,PM3M_STILL_MULTIPLE_FAMILIES
FULL_STREAM_P0,RAW_FRAGMENT,R01ZF,17,R01ZF_REUSED_R01ZF_PERSON003,R01ZF_SARPERSON01,3.0,COARSE_RANGE_PM_3M,9,2,8,2,4049.0,718.0,4.6316185960719025,0.8213144361520439,True,True,PM3M_STILL_MULTIPLE_FAMILIES
FULL_STREAM_P0,RAW_FRAGMENT,R02ZF,487,R02ZF_REUSED_R02ZF_PERSON017,R02ZF_SARPERSON01,3.0,COARSE_RANGE_PM_3M,10,4,8,2,3987.0,1632.0,4.560697293785792,1.866831698885983,True,True,PM3M_STILL_MULTIPLE_FAMILIES
FULL_STREAM_P0,RAW_FRAGMENT,R02ZF,472,R02ZF_REUSED_R02ZF_PERSON017,R02ZF_SARPERSON01,3.0,COARSE_RANGE_PM_3M,8,2,7,2,4079.0,1486.0,4.665935355242601,1.6998234709219182,True,True,PM3M_STILL_MULTIPLE_FAMILIES
FULL_STREAM_P0,RAW_FRAGMENT,R02ZF,473,R02ZF_REUSED_R02ZF_PERSON018,R02ZF_SARPERSON02,3.0,COARSE_RANGE_PM_3M,9,4,7,2,2878.0,1626.0,3.2921210964423153,1.859968347051843,True,True,PM3M_STILL_MULTIPLE_FAMILIES
FULL_STREAM_P0,RAW_FRAGMENT,R02ZF,490,R02ZF_REUSED_R02ZF_PERSON021,R02ZF_SARPERSON03,3.0,COARSE_RANGE_PM_3M,9,2,7,2,4759.0,523.0,5.443781896445093,0.5982555015425055,True,True,PM3M_STILL_MULTIPLE_FAMILIES
FULL_STREAM_P0,RAW_FRAGMENT,R03ZF,494,R03ZF_I01_T0004,R03ZF_SARPERSON01,3.0,COARSE_RANGE_PM_3M,7,2,7,2,4661.0,737.0,5.3316804831541456,0.8430483836268194,True,True,PM3M_STILL_MULTIPLE_FAMILIES
FULL_STREAM_P0,RAW_FRAGMENT,R02ZF,472,R02ZF_REUSED_R02ZF_PERSON018,R02ZF_SARPERSON02,3.0,COARSE_RANGE_PM_3M,7,2,6,2,3402.0,1486.0,3.8915204899571774,1.6998234709219182,True,True,PM3M_STILL_MULTIPLE_FAMILIES
FULL_STREAM_P0,RAW_FRAGMENT,R02ZF,487,R02ZF_REUSED_R02ZF_PERSON021,R02ZF_SARPERSON03,3.0,COARSE_RANGE_PM_3M,7,2,6,2,2690.0,1015.0,3.077069405639273,1.1610503519419562,True,True,PM3M_STILL_MULTIPLE_FAMILIES
FULL_STREAM_P0,RAW_FRAGMENT,R02ZF,494,R02ZF_REUSED_R02ZF_PERSON024,R02ZF_SARPERSON04,3.0,COARSE_RANGE_PM_3M,5,2,5,2,2226.0,1133.0,2.5463035304658073,1.296029604680036,True,True,PM3M_STILL_MULTIPLE_FAMILIES
FULL_STREAM_P0,RAW_FRAGMENT,R02ZF,494,R02ZF_REUSED_R02ZF_PERSON023,R02ZF_SARPERSON04,3.0,COARSE_RANGE_PM_3M,4,2,4,2,2159.0,1133.0,2.4696627683179146,1.296029604680036,True,True,PM3M_STILL_MULTIPLE_FAMILIES
FULL_STREAM_P0,RAW_FRAGMENT,R02ZF,483,R02ZF_REUSED_R02ZF_PERSON021,R02ZF_SARPERSON03,3.0,COARSE_RANGE_PM_3M,3,2,3,2,1207.0,778.0,1.3806776106344247,0.8899479544934403,True,True,PM3M_STILL_MULTIPLE_FAMILIES
