run_id,entity_id,target_id,support_rows,entity_kind
R01ZF,R01ZF_REUSED_R01ZF_PERSON001,R01ZF_SARPERSON02,822,RAW_FRAGMENT
R01ZF,R01ZF_REUSED_R01ZF_PERSON002,R01ZF_SARPERSON03,836,RAW_FRAGMENT
R01ZF,R01ZF_REUSED_R01ZF_PERSON003,R01ZF_SARPERSON01,671,RAW_FRAGMENT
R02ZF,R02ZF_REUSED_R02ZF_PERSON017,R02ZF_SARPERSON01,329,RAW_FRAGMENT
R02ZF,R02ZF_REUSED_R02ZF_PERSON018,R02ZF_SARPERSON02,291,RAW_FRAGMENT
R02ZF,R02ZF_REUSED_R02ZF_PERSON021,R02ZF_SARPERSON03,233,RAW_FRAGMENT
R02ZF,R02ZF_REUSED_R02ZF_PERSON023,R02ZF_SARPERSON04,20,RAW_FRAGMENT
R02ZF,R02ZF_REUSED_R02ZF_PERSON024,R02ZF_SARPERSON04,84,RAW_FRAGMENT
R03ZF,R03ZF_I01_T0004,R03ZF_SARPERSON01,124,RAW_FRAGMENT
