run_id,sar_frame_index,sar_timestamp_ms,pair_id,theta_overlap_fraction,delta_r_median_m,delta_r_p90_absdev_m,delta_r_theta_p90_minus_p10_m,ordering_a_before_b_fraction,pair_available,manual_person_reference_used
R02ZF,0,0,PARALLEL_BOUNDARY_PAIR_A_B,0.7472527472527473,2.0999979972839355,0.8499994277954102,1.349998950958252,1.0,False,False
R02ZF,1,33,PARALLEL_BOUNDARY_PAIR_A_B,0.6043956043956044,2.0999979972839355,0.8099991798400881,1.2299991607666017,1.0,False,False
R02ZF,2,67,PARALLEL_BOUNDARY_PAIR_A_B,0.5384615384615384,2.0999979972839355,0.8499990463256836,1.0999985694885255,1.0,False,False
R02ZF,3,100,PARALLEL_BOUNDARY_PAIR_A_B,0.46153846153846156,2.074997901916504,0.7199994087219238,1.2849987506866454,1.0,False,False
R02ZF,4,133,PARALLEL_BOUNDARY_PAIR_A_B,0.6373626373626373,2.074997901916504,0.9249987602233887,1.444998693466187,1.0,False,False
R02ZF,5,167,PARALLEL_BOUNDARY_PAIR_A_B,0.5714285714285714,1.949998378753662,0.9949990272521972,1.5449987411499024,1.0,False,False
R02ZF,6,200,PARALLEL_BOUNDARY_PAIR_A_B,0.5054945054945055,2.0999979972839355,0.849999189376831,1.1249988079071045,1.0,False,False
R02ZF,7,233,PARALLEL_BOUNDARY_PAIR_A_B,0.43956043956043955,1.9999980926513672,0.8549993991851808,1.2099992752075197,1.0,False,False
R02ZF,8,267,PARALLEL_BOUNDARY_PAIR_A_B,0.5824175824175825,2.249997615814209,1.0999991416931163,1.0899993896484377,1.0,False,False
R02ZF,9,300,PARALLEL_BOUNDARY_PAIR_A_B,0.4065934065934066,2.0999979972839355,0.7999991416931153,1.379998970031738,1.0,False,False
R02ZF,10,333,PARALLEL_BOUNDARY_PAIR_A_B,0.5714285714285714,2.1499979496002197,0.7499997615814209,0.9949995040893556,1.0,False,False
R02ZF,11,367,PARALLEL_BOUNDARY_PAIR_A_B,0.5384615384615384,2.0999984741210938,0.9999995231628418,1.0099989891052248,1.0,False,False
R02ZF,12,400,PARALLEL_BOUNDARY_PAIR_A_B,0.6043956043956044,2.1499977111816406,0.8399990081787115,1.2699988365173347,1.0,False,False
R02ZF,13,433,PARALLEL_BOUNDARY_PAIR_A_B,0.5054945054945055,2.199997901916504,0.974999189376831,1.2499985694885254,1.0,False,False
R02ZF,14,467,PARALLEL_BOUNDARY_PAIR_A_B,0.4945054945054945,2.0499978065490723,0.7799993515014649,1.2299986839294434,1.0,False,False
R02ZF,15,500,PARALLEL_BOUNDARY_PAIR_A_B,0.4835164835164835,1.9749982357025146,0.6599990844726564,1.1049986362457276,1.0,False,False
R02ZF,16,533,PARALLEL_BOUNDARY_PAIR_A_B,0.4835164835164835,2.074998140335083,0.674999475479126,0.9849989891052249,1.0,False,False
R02ZF,17,567,PARALLEL_BOUNDARY_PAIR_A_B,0.4175824175824176,2.0999982357025146,0.9149992942810061,1.204999113082886,1.0,False,False
R02ZF,18,600,PARALLEL_BOUNDARY_PAIR_A_B,0.5824175824175825,2.149998188018799,0.6999998092651367,0.989999580383301,1.0,False,False
R02ZF,19,633,PARALLEL_BOUNDARY_PAIR_A_B,0.5824175824175825,2.1499977111816406,0.8799992561340336,1.0799992561340337,1.0,False,False
R02ZF,20,667,PARALLEL_BOUNDARY_PAIR_A_B,0.7142857142857143,2.0499978065490723,0.859999465942383,1.129998779296875,1.0,False,False
R02ZF,21,700,PARALLEL_BOUNDARY_PAIR_A_B,0.7142857142857143,2.0499982833862305,0.5499995231628418,0.8799992561340333,1.0,False,False
R02ZF,22,733,PARALLEL_BOUNDARY_PAIR_A_B,0.5934065934065934,2.0999979972839355,0.7849988460540773,0.9999989032745362,1.0,False,False
R02ZF,23,767,PARALLEL_BOUNDARY_PAIR_A_B,0.4945054945054945,2.0499982833862305,0.7499990463256836,1.0299995422363284,1.0,False,False
R02ZF,24,800,PARALLEL_BOUNDARY_PAIR_A_B,0.4175824175824176,2.149998188018799,0.6149996757507327,0.7799991607666015,1.0,False,False
R02ZF,25,833,PARALLEL_BOUNDARY_PAIR_A_B,0.45054945054945056,2.0999984741210938,0.6000003814697266,0.8499994277954102,1.0,False,False
R02ZF,26,867,PARALLEL_BOUNDARY_PAIR_A_B,0.5494505494505495,2.149998188018799,1.0149994850158695,0.9549993038177491,1.0,False,False
R02ZF,27,900,PARALLEL_BOUNDARY_PAIR_A_B,0.5824175824175825,2.0499982833862305,0.7799988746643071,1.0799993515014648,1.0,False,False
R02ZF,28,933,PARALLEL_BOUNDARY_PAIR_A_B,0.43956043956043955,2.199997901916504,0.849998950958252,1.4049986839294433,1.0,False,False
R02ZF,29,967,PARALLEL_BOUNDARY_PAIR_A_B,0.4835164835164835,2.0999982357025146,0.8199992179870609,1.2349983215332032,1.0,False,False
R02ZF,30,1000,PARALLEL_BOUNDARY_PAIR_A_B,0.4835164835164835,2.199997901916504,0.81999945640564,1.3499988079071046,1.0,False,False
R02ZF,31,1033,PARALLEL_BOUNDARY_PAIR_A_B,0.4065934065934066,2.1499977111816406,0.8499984741210938,1.0699984550476072,1.0,False,False
R02ZF,32,1067,PARALLEL_BOUNDARY_PAIR_A_B,0.4725274725274725,2.2999978065490723,0.4999995231628418,0.7399993896484374,1.0,False,False
R02ZF,33,1100,PARALLEL_BOUNDARY_PAIR_A_B,0.37362637362637363,2.1749980449676514,0.674999475479126,0.9849994659423829,1.0,False,False
R02ZF,34,1133,PARALLEL_BOUNDARY_PAIR_A_B,0.4065934065934066,2.2999978065490723,0.39999961853027344,0.689999294281006,1.0,False,False
R02ZF,35,1167,PARALLEL_BOUNDARY_PAIR_A_B,0.38461538461538464,2.0999979972839355,0.849998950958252,1.2499984741210937,1.0,False,False
R02ZF,36,1200,PARALLEL_BOUNDARY_PAIR_A_B,0.4065934065934066,2.149998188018799,0.7399991035461424,1.0599991798400876,1.0,False,False
R02ZF,37,1233,PARALLEL_BOUNDARY_PAIR_A_B,0.4175824175824176,2.0999977588653564,1.0149987220764163,1.4799986839294437,1.0,False,False
R02ZF,38,1267,PARALLEL_BOUNDARY_PAIR_A_B,0.5824175824175825,2.199997901916504,0.9999990463256836,1.399998664855957,1.0,False,False
R02ZF,39,1300,PARALLEL_BOUNDARY_PAIR_A_B,0.5494505494505495,2.199997901916504,1.0499992370605469,1.6699982166290281,1.0,False,False
R02ZF,40,1333,PARALLEL_BOUNDARY_PAIR_A_B,0.6923076923076923,2.199997901916504,0.729999160766602,1.0799988746643066,1.0,False,False
R02ZF,41,1367,PARALLEL_BOUNDARY_PAIR_A_B,0.6263736263736264,2.199997901916504,0.9199987411499023,1.3299985885620116,1.0,False,False
R02ZF,42,1400,PARALLEL_BOUNDARY_PAIR_A_B,0.5494505494505495,2.199997901916504,0.654999589920044,1.0099994182586673,1.0,False,False
R02ZF,43,1433,PARALLEL_BOUNDARY_PAIR_A_B,0.4835164835164835,2.249998092651367,0.9499993324279785,1.4399986267089848,1.0,False,False
R02ZF,44,1467,PARALLEL_BOUNDARY_PAIR_A_B,0.6043956043956044,2.249998092651367,0.7299992561340333,1.0699994087219238,1.0,False,False
R02ZF,45,1500,PARALLEL_BOUNDARY_PAIR_A_B,0.5824175824175825,2.3499979972839355,1.0399989128112794,1.6299980163574221,1.0,False,False
R02ZF,46,1533,PARALLEL_BOUNDARY_PAIR_A_B,0.5714285714285714,2.5999975204467773,0.8449994087219238,1.0949994087219237,1.0,False,False
R02ZF,47,1567,PARALLEL_BOUNDARY_PAIR_A_B,0.6263736263736264,2.549997329711914,0.869998550415039,1.2199984550476073,1.0,False,False
R02ZF,48,1600,PARALLEL_BOUNDARY_PAIR_A_B,0.6593406593406593,2.5999975204467773,0.9599992752075197,1.4149991035461424,1.0,False,False
R02ZF,49,1633,PARALLEL_BOUNDARY_PAIR_A_B,0.5824175824175825,2.3499975204467773,0.8499992370605469,1.4399982452392577,1.0,False,False
R02ZF,50,1667,PARALLEL_BOUNDARY_PAIR_A_B,0.6153846153846154,2.499997854232788,1.1749992370605469,1.6749985218048096,1.0,False,False
R02ZF,51,1700,PARALLEL_BOUNDARY_PAIR_A_B,0.6153846153846154,2.3999977111816406,0.9249992370605469,1.3749985694885254,1.0,False,False
R02ZF,52,1733,PARALLEL_BOUNDARY_PAIR_A_B,0.5604395604395604,2.3499975204467773,0.8499999046325684,1.5499987602233887,1.0,False,False
R02ZF,53,1767,PARALLEL_BOUNDARY_PAIR_A_B,0.6813186813186813,2.324997663497925,0.8749997615814209,1.229999017715454,1.0,False,False
R02ZF,54,1800,PARALLEL_BOUNDARY_PAIR_A_B,0.7362637362637363,2.249998092651367,0.8699992179870605,1.4099987983703612,1.0,False,False
R02ZF,55,1833,PARALLEL_BOUNDARY_PAIR_A_B,0.6373626373626373,2.2999978065490723,0.9999987125396729,1.7299985408782963,1.0,False,False
R02ZF,56,1867,PARALLEL_BOUNDARY_PAIR_A_B,0.7252747252747253,2.3499979972839355,0.674999475479126,0.7999992370605469,1.0,False,False
R02ZF,57,1900,PARALLEL_BOUNDARY_PAIR_A_B,0.6263736263736264,2.249998092651367,0.7199992179870605,1.2499987602233886,1.0,False,False
R02ZF,58,1933,PARALLEL_BOUNDARY_PAIR_A_B,0.6813186813186813,2.3499979972839355,0.8899991035461424,1.2799983501434322,1.0,False,False
R02ZF,59,1967,PARALLEL_BOUNDARY_PAIR_A_B,0.6153846153846154,2.3499979972839355,0.8249990940093994,1.1749987602233887,1.0,False,False
R02ZF,60,2000,PARALLEL_BOUNDARY_PAIR_A_B,0.6813186813186813,2.449997663497925,0.8349992275238035,0.999998998641968,1.0,False,False
R02ZF,61,2033,PARALLEL_BOUNDARY_PAIR_A_B,0.5824175824175825,2.3999977111816406,0.4999995231628418,0.7499993324279783,1.0,False,False
R02ZF,62,2067,PARALLEL_BOUNDARY_PAIR_A_B,0.7252747252747253,2.249997615814209,0.9499988555908203,1.5999982357025146,1.0,False,False
R02ZF,63,2100,PARALLEL_BOUNDARY_PAIR_A_B,0.6813186813186813,2.3499975204467773,0.7999992370605469,1.3199985027313228,1.0,False,False
R02ZF,64,2133,PARALLEL_BOUNDARY_PAIR_A_B,0.6923076923076923,2.3499979972839355,0.639999580383301,1.1899987220764159,1.0,False,False
R02ZF,65,2167,PARALLEL_BOUNDARY_PAIR_A_B,0.7912087912087912,2.3999977111816406,0.5949994564056396,0.8399989604949951,1.0,False,False
R02ZF,66,2200,PARALLEL_BOUNDARY_PAIR_A_B,0.6263736263736264,2.3499979972839355,0.5499987602233887,0.7699996948242185,1.0,False,False
R02ZF,67,2233,PARALLEL_BOUNDARY_PAIR_A_B,0.6373626373626373,2.3499979972839355,0.4999990463256836,0.899998664855957,1.0,False,False
R02ZF,68,2267,PARALLEL_BOUNDARY_PAIR_A_B,0.6593406593406593,2.5249977111816406,0.634999465942383,0.7099997997283936,1.0,False,False
R02ZF,69,2300,PARALLEL_BOUNDARY_PAIR_A_B,0.6153846153846154,2.424997568130493,0.3749997615814209,0.6749999523162842,1.0,False,False
R02ZF,70,2333,PARALLEL_BOUNDARY_PAIR_A_B,0.7252747252747253,2.3499975204467773,0.8249993324279785,1.1249985694885254,1.0,True,False
R02ZF,71,2367,PARALLEL_BOUNDARY_PAIR_A_B,0.6703296703296703,2.4499974250793457,0.5999999046325684,0.899998664855957,1.0,True,False
R02ZF,72,2400,PARALLEL_BOUNDARY_PAIR_A_B,0.7472527472527473,2.3999977111816406,0.514999580383301,0.7499995231628418,1.0,False,False
R02ZF,73,2433,PARALLEL_BOUNDARY_PAIR_A_B,0.7032967032967034,2.4499974250793457,0.8349990367889406,1.469998931884766,1.0,False,False
R02ZF,74,2467,PARALLEL_BOUNDARY_PAIR_A_B,0.6593406593406593,2.3499977588653564,0.6499993801116943,0.8049996852874757,1.0,False,False
R02ZF,75,2500,PARALLEL_BOUNDARY_PAIR_A_B,0.5274725274725275,2.499997854232788,0.5999996662139893,0.8649998188018797,1.0,True,False
R02ZF,76,2533,PARALLEL_BOUNDARY_PAIR_A_B,0.5604395604395604,2.3999977111816406,0.6999993324279785,0.9499988555908203,1.0,False,False
R02ZF,77,2567,PARALLEL_BOUNDARY_PAIR_A_B,0.6373626373626373,2.549997329711914,0.5099997520446786,0.7299996376037603,1.0,True,False
R02ZF,78,2600,PARALLEL_BOUNDARY_PAIR_A_B,0.5274725274725275,2.5249974727630615,0.6549993991851811,0.764999580383301,1.0,True,False
R02ZF,79,2633,PARALLEL_BOUNDARY_PAIR_A_B,0.4835164835164835,2.7249975204467773,0.47499942779541016,0.7999992370605469,1.0,True,False
R02ZF,80,2667,PARALLEL_BOUNDARY_PAIR_A_B,0.5604395604395604,2.5999975204467773,0.4999995231628418,0.7999992370605469,1.0,False,False
R02ZF,81,2700,PARALLEL_BOUNDARY_PAIR_A_B,0.6483516483516484,2.5499978065490723,0.8099991798400881,1.1599990844726564,1.0,True,False
R02ZF,82,2733,PARALLEL_BOUNDARY_PAIR_A_B,0.6483516483516484,2.6999974250793457,0.4099995613098146,0.6199997901916507,1.0,True,False
R02ZF,83,2767,PARALLEL_BOUNDARY_PAIR_A_B,0.5494505494505495,2.7749974727630615,0.6249992847442627,1.0499987602233887,1.0,False,False
R02ZF,84,2800,PARALLEL_BOUNDARY_PAIR_A_B,0.5164835164835165,2.6999974250793457,0.4499995231628418,0.7699994087219242,1.0,True,False
R02ZF,85,2833,PARALLEL_BOUNDARY_PAIR_A_B,0.5824175824175825,2.4499974250793457,0.849998950958252,1.0999988555908202,1.0,True,False
R02ZF,86,2867,PARALLEL_BOUNDARY_PAIR_A_B,0.6263736263736264,2.5499978065490723,0.6999993324279785,1.119998836517334,1.0,False,False
R02ZF,87,2900,PARALLEL_BOUNDARY_PAIR_A_B,0.4175824175824176,2.5249977111816406,0.6749992370605469,0.9649992465972903,1.0,False,False
R02ZF,88,2933,PARALLEL_BOUNDARY_PAIR_A_B,0.5494505494505495,2.5999975204467773,0.5549996852874757,0.8099992275238037,1.0,False,False
R02ZF,89,2967,PARALLEL_BOUNDARY_PAIR_A_B,0.5384615384615384,2.499997615814209,0.7499995231628418,1.0499992370605469,1.0,True,False
R02ZF,90,3000,PARALLEL_BOUNDARY_PAIR_A_B,0.5274725274725275,2.549997329711914,0.5999994277954102,0.9649987697601317,1.0,False,False
R02ZF,91,3033,PARALLEL_BOUNDARY_PAIR_A_B,0.4835164835164835,2.574997663497925,0.6099993705749513,0.9849991321563722,1.0,False,False
R02ZF,92,3067,PARALLEL_BOUNDARY_PAIR_A_B,0.5164835164835165,2.6999974250793457,0.5199994087219237,0.9999990463256836,1.0,False,False
R02ZF,93,3100,PARALLEL_BOUNDARY_PAIR_A_B,0.5164835164835165,2.6499977111816406,0.40000009536743164,0.6499991416931152,1.0,True,False
R02ZF,94,3133,PARALLEL_BOUNDARY_PAIR_A_B,0.5384615384615384,2.5999975204467773,0.5499992370605469,0.8699993133544921,1.0,False,False
R02ZF,95,3167,PARALLEL_BOUNDARY_PAIR_A_B,0.5494505494505495,2.449997663497925,0.40499939918518074,0.5549992084503175,1.0,True,False
R02ZF,96,3200,PARALLEL_BOUNDARY_PAIR_A_B,0.4835164835164835,2.4749977588653564,0.7749993801116943,0.7699992656707764,1.0,True,False
R02ZF,97,3233,PARALLEL_BOUNDARY_PAIR_A_B,0.4945054945054945,2.5499978065490723,0.4499993324279785,0.7499993324279783,1.0,True,False
R02ZF,98,3267,PARALLEL_BOUNDARY_PAIR_A_B,0.43956043956043955,2.62499737739563,0.5299993991851807,0.9999985694885254,1.0,False,False
R02ZF,99,3300,PARALLEL_BOUNDARY_PAIR_A_B,0.4175824175824176,2.499997615814209,0.6499991416931152,1.0499982833862305,1.0,False,False
R02ZF,100,3333,PARALLEL_BOUNDARY_PAIR_A_B,0.5824175824175825,2.449997901916504,0.6999988555908203,0.9899984359741225,1.0,False,False
R02ZF,101,3367,PARALLEL_BOUNDARY_PAIR_A_B,0.5934065934065934,2.3999977111816406,0.4999990463256836,0.7999982833862305,1.0,False,False
R02ZF,102,3400,PARALLEL_BOUNDARY_PAIR_A_B,0.46153846153846156,2.324997663497925,0.6699995040893554,0.8899986743927002,1.0,True,False
R02ZF,103,3433,PARALLEL_BOUNDARY_PAIR_A_B,0.37362637362637363,2.8999972343444824,0.5699997901916504,0.7699995994567872,1.0,False,False
R02ZF,104,3467,PARALLEL_BOUNDARY_PAIR_A_B,0.4945054945054945,2.6499972343444824,0.5299988746643067,0.9299989700317384,1.0,False,False
R02ZF,105,3500,PARALLEL_BOUNDARY_PAIR_A_B,0.4065934065934066,2.449997901916504,0.6499991416931152,0.9699987411499023,1.0,False,False
R02ZF,106,3533,PARALLEL_BOUNDARY_PAIR_A_B,0.4065934065934066,2.499997138977051,0.5999999046325684,0.889999198913574,1.0,False,False
R02ZF,107,3567,PARALLEL_BOUNDARY_PAIR_A_B,0.38461538461538464,2.499998092651367,0.5799994468688966,0.849998950958252,1.0,False,False
R02ZF,108,3600,PARALLEL_BOUNDARY_PAIR_A_B,0.5274725274725275,2.3499979972839355,0.6799991130828862,0.929998636245728,1.0,False,False
R02ZF,109,3633,PARALLEL_BOUNDARY_PAIR_A_B,0.4175824175824176,2.199997901916504,0.8999991416931152,1.0449989318847654,1.0,False,False
R02ZF,110,3667,PARALLEL_BOUNDARY_PAIR_A_B,0.5824175824175825,2.5999975204467773,0.4999995231628418,0.9499993324279785,1.0,False,False
R02ZF,111,3700,PARALLEL_BOUNDARY_PAIR_A_B,0.4065934065934066,2.449997901916504,0.39999961853027344,0.7499995231628418,1.0,False,False
R02ZF,112,3733,PARALLEL_BOUNDARY_PAIR_A_B,0.5164835164835165,2.4499974250793457,0.5899996757507323,0.9099989891052247,1.0,True,False
R02ZF,113,3767,PARALLEL_BOUNDARY_PAIR_A_B,0.43956043956043955,2.249998092651367,0.6049993515014649,0.7549994468688968,1.0,True,False
R02ZF,114,3800,PARALLEL_BOUNDARY_PAIR_A_B,0.5494505494505495,2.499997615814209,0.5499997138977051,0.8999996185302734,1.0,True,False
R02ZF,115,3833,PARALLEL_BOUNDARY_PAIR_A_B,0.4725274725274725,2.249998092651367,0.8999990463256836,0.9999994277954101,1.0,False,False
R02ZF,116,3867,PARALLEL_BOUNDARY_PAIR_A_B,0.5384615384615384,2.249998092651367,0.8099996566772463,0.9199995994567876,1.0,True,False
R02ZF,117,3900,PARALLEL_BOUNDARY_PAIR_A_B,0.34065934065934067,2.2999978065490723,0.7499995231628418,0.9499993324279785,1.0,False,False
R02ZF,118,3933,PARALLEL_BOUNDARY_PAIR_A_B,0.5384615384615384,2.249998092651367,0.7999992370605469,0.8999996185302734,1.0,False,False
R02ZF,119,3967,PARALLEL_BOUNDARY_PAIR_A_B,0.5824175824175825,2.249998092651367,0.7999992370605469,0.8999996185302734,1.0,False,False
R02ZF,120,4000,PARALLEL_BOUNDARY_PAIR_A_B,0.4835164835164835,2.324997901916504,0.7249994277954102,0.8499994277954102,1.0,False,False
R02ZF,121,4033,PARALLEL_BOUNDARY_PAIR_A_B,0.4835164835164835,2.2999980449676514,0.7499992847442627,0.8849992275238039,1.0,False,False
R02ZF,122,4067,PARALLEL_BOUNDARY_PAIR_A_B,0.4945054945054945,2.249998092651367,0.7999992370605469,0.879999542236328,1.0,True,False
R02ZF,123,4100,PARALLEL_BOUNDARY_PAIR_A_B,0.5164835164835165,2.2999978065490723,0.7199994087219238,0.9199992179870606,1.0,False,False
R02ZF,124,4133,PARALLEL_BOUNDARY_PAIR_A_B,0.43956043956043955,2.249998092651367,0.7499990463256836,0.8999991416931152,1.0,True,False
R02ZF,125,4167,PARALLEL_BOUNDARY_PAIR_A_B,0.4725274725274725,2.2999982833862305,0.8299987792968754,1.0199988365173347,1.0,False,False
R02ZF,126,4200,PARALLEL_BOUNDARY_PAIR_A_B,0.5384615384615384,2.449997901916504,0.5599992752075197,0.8599994659423831,1.0,False,False
R02ZF,127,4233,PARALLEL_BOUNDARY_PAIR_A_B,0.46153846153846156,2.199997901916504,0.8499994277954102,0.9499993324279785,1.0,False,False
R02ZF,128,4267,PARALLEL_BOUNDARY_PAIR_A_B,0.5054945054945055,2.249998092651367,0.7999992370605469,0.9499993324279785,1.0,False,False
R02ZF,129,4300,PARALLEL_BOUNDARY_PAIR_A_B,0.43956043956043955,2.249998092651367,0.7499990463256836,0.8549993991851808,1.0,False,False
R02ZF,130,4333,PARALLEL_BOUNDARY_PAIR_A_B,0.5274725274725275,2.249998092651367,0.5499993801116944,0.6999989986419677,1.0,True,False
R02ZF,131,4367,PARALLEL_BOUNDARY_PAIR_A_B,0.5054945054945055,2.324997663497925,0.4999997615814209,0.5499999523162842,1.0,True,False
R02ZF,132,4400,PARALLEL_BOUNDARY_PAIR_A_B,0.5384615384615384,2.3499975204467773,0.5999994277954102,0.7999992370605469,1.0,True,False
R02ZF,133,4433,PARALLEL_BOUNDARY_PAIR_A_B,0.46153846153846156,2.249998092651367,0.5449992656707763,0.6449995994567872,1.0,True,False
R02ZF,134,4467,PARALLEL_BOUNDARY_PAIR_A_B,0.6043956043956044,2.249998092651367,0.7999992370605469,0.89999942779541,1.0,False,False
R02ZF,135,4500,PARALLEL_BOUNDARY_PAIR_A_B,0.5164835164835165,2.249998092651367,0.7999992370605469,0.8999996185302734,1.0,False,False
R02ZF,136,4533,PARALLEL_BOUNDARY_PAIR_A_B,0.5714285714285714,2.324997663497925,0.674999475479126,0.8499993801116945,1.0,False,False
R02ZF,137,4567,PARALLEL_BOUNDARY_PAIR_A_B,0.5824175824175825,2.199997901916504,0.7899992942810061,1.2099985122680683,1.0,False,False
R02ZF,138,4600,PARALLEL_BOUNDARY_PAIR_A_B,0.6593406593406593,2.2999978065490723,0.599998950958252,0.7499990463256836,1.0,True,False
R02ZF,139,4633,PARALLEL_BOUNDARY_PAIR_A_B,0.5494505494505495,2.249998092651367,0.5749992370605472,0.6299993991851811,1.0,False,False
R02ZF,140,4667,PARALLEL_BOUNDARY_PAIR_A_B,0.6043956043956044,2.2999982833862305,0.7099992752075197,0.889998817443848,1.0,False,False
R02ZF,141,4700,PARALLEL_BOUNDARY_PAIR_A_B,0.5604395604395604,2.3499979972839355,0.6999993324279785,0.7999987602233887,1.0,False,False
R02ZF,142,4733,PARALLEL_BOUNDARY_PAIR_A_B,0.6813186813186813,2.3499977588653564,0.6999995708465576,0.8999996185302734,1.0,False,False
R02ZF,143,4767,PARALLEL_BOUNDARY_PAIR_A_B,0.6373626373626373,2.249997854232788,0.8149993896484378,0.8999996185302734,1.0,False,False
R02ZF,144,4800,PARALLEL_BOUNDARY_PAIR_A_B,0.5824175824175825,2.449997901916504,0.479999160766602,0.7799988746643072,1.0,False,False
R02ZF,145,4833,PARALLEL_BOUNDARY_PAIR_A_B,0.46153846153846156,2.199997901916504,0.5949994087219238,0.6449995994567872,1.0,False,False
R02ZF,146,4867,PARALLEL_BOUNDARY_PAIR_A_B,0.5604395604395604,2.249998092651367,0.7999992370605469,0.8999996185302734,1.0,False,False
R02ZF,147,4900,PARALLEL_BOUNDARY_PAIR_A_B,0.6153846153846154,2.324997901916504,0.4999995231628418,0.6249995231628418,1.0,True,False
R02ZF,148,4933,PARALLEL_BOUNDARY_PAIR_A_B,0.6593406593406593,2.499997615814209,0.40499963760375984,0.7049993515014648,1.0,False,False
R02ZF,149,4967,PARALLEL_BOUNDARY_PAIR_A_B,0.6483516483516484,2.3499975204467773,0.6999998092651367,0.8999991416931152,1.0,False,False
R02ZF,150,5000,PARALLEL_BOUNDARY_PAIR_A_B,0.6153846153846154,2.499997615814209,0.5499997138977051,0.8499994277954102,1.0,False,False
R02ZF,151,5033,PARALLEL_BOUNDARY_PAIR_A_B,0.46153846153846156,2.499997615814209,0.4449993610382079,0.7399990558624268,1.0,False,False
R02ZF,152,5067,PARALLEL_BOUNDARY_PAIR_A_B,0.43956043956043955,2.549997568130493,0.549999475479126,0.9049991607666015,1.0,False,False
R02ZF,153,5100,PARALLEL_BOUNDARY_PAIR_A_B,0.37362637362637363,2.2999978065490723,0.5999994277954102,0.7499995231628418,1.0,False,False
R02ZF,154,5133,PARALLEL_BOUNDARY_PAIR_A_B,0.5604395604395604,2.249998092651367,0.6999988555908203,0.7999987602233887,1.0,False,False
R02ZF,155,5167,PARALLEL_BOUNDARY_PAIR_A_B,0.6373626373626373,2.249997615814209,0.4999996662139893,0.6499991416931152,1.0,True,False
R02ZF,156,5200,PARALLEL_BOUNDARY_PAIR_A_B,0.6813186813186813,2.3499975204467773,0.39999961853027344,0.5999994277954102,1.0,True,False
R02ZF,157,5233,PARALLEL_BOUNDARY_PAIR_A_B,0.6373626373626373,2.249998092651367,0.614999341964722,0.7149997234344485,1.0,False,False
R02ZF,158,5267,PARALLEL_BOUNDARY_PAIR_A_B,0.5274725274725275,2.249998092651367,0.6649991989135744,0.814999294281006,1.0,False,False
R02ZF,159,5300,PARALLEL_BOUNDARY_PAIR_A_B,0.4725274725274725,2.249998092651367,0.6199991226196295,0.7199995040893561,1.0,True,False
R02ZF,160,5333,PARALLEL_BOUNDARY_PAIR_A_B,0.5494505494505495,2.3999977111816406,0.5999994277954102,0.7999992370605469,1.0,False,False
R02ZF,161,5367,PARALLEL_BOUNDARY_PAIR_A_B,0.5714285714285714,2.249998092651367,0.7949993133544921,1.2499990463256836,1.0,False,False
R02ZF,162,5400,PARALLEL_BOUNDARY_PAIR_A_B,0.5604395604395604,2.3999977111816406,0.4499998092651367,0.6499996185302734,1.0,False,False
R02ZF,163,5433,PARALLEL_BOUNDARY_PAIR_A_B,0.37362637362637363,2.449997901916504,0.5499992370605469,0.834999370574951,1.0,False,False
R02ZF,164,5467,PARALLEL_BOUNDARY_PAIR_A_B,0.5604395604395604,2.5999975204467773,0.4499993324279785,0.7999992370605469,1.0,False,False
R02ZF,165,5500,PARALLEL_BOUNDARY_PAIR_A_B,0.5054945054945055,2.3499979972839355,0.6499991416931152,0.7249994277954102,1.0,True,False
R02ZF,166,5533,PARALLEL_BOUNDARY_PAIR_A_B,0.5164835164835165,2.5999975204467773,0.4499998092651367,0.8499994277954102,1.0,False,False
R02ZF,167,5567,PARALLEL_BOUNDARY_PAIR_A_B,0.6483516483516484,2.5999975204467773,0.4999995231628418,0.7999992370605469,1.0,False,False
R02ZF,168,5600,PARALLEL_BOUNDARY_PAIR_A_B,0.6043956043956044,2.5999975204467773,0.4499998092651367,0.7799996376037597,1.0,False,False
R02ZF,169,5633,PARALLEL_BOUNDARY_PAIR_A_B,0.5604395604395604,2.6499977111816406,0.4499998092651367,0.7999992370605469,1.0,False,False
R02ZF,170,5667,PARALLEL_BOUNDARY_PAIR_A_B,0.5274725274725275,2.6999974250793457,0.5499997138977051,0.864999341964722,1.0,False,False
R02ZF,171,5700,PARALLEL_BOUNDARY_PAIR_A_B,0.4945054945054945,2.499997138977051,0.5,0.7999992370605469,1.0,False,False
R02ZF,172,5733,PARALLEL_BOUNDARY_PAIR_A_B,0.5604395604395604,2.6999974250793457,0.5499992370605469,0.899998664855957,1.0,False,False
R02ZF,173,5767,PARALLEL_BOUNDARY_PAIR_A_B,0.4945054945054945,2.5499978065490723,0.5399997711181643,0.8299993515014648,1.0,False,False
R02ZF,174,5800,PARALLEL_BOUNDARY_PAIR_A_B,0.5494505494505495,2.499997615814209,0.5099995136260987,0.8549989700317382,1.0,False,False
R02ZF,175,5833,PARALLEL_BOUNDARY_PAIR_A_B,0.5054945054945055,2.6999971866607666,0.549999475479126,0.849999189376831,1.0,False,False
R02ZF,176,5867,PARALLEL_BOUNDARY_PAIR_A_B,0.4945054945054945,2.5999975204467773,0.8999994277954102,1.1699986457824711,1.0,False,False
R02ZF,177,5900,PARALLEL_BOUNDARY_PAIR_A_B,0.5054945054945055,2.5999975204467773,0.47499942779541016,0.8499994277954102,1.0,False,False
R02ZF,178,5933,PARALLEL_BOUNDARY_PAIR_A_B,0.5494505494505495,2.3499979972839355,0.7049993515014649,0.9999995231628418,1.0,False,False
R02ZF,179,5967,PARALLEL_BOUNDARY_PAIR_A_B,0.6483516483516484,2.2999982833862305,0.7099988937377931,0.9199991226196294,1.0,True,False
R02ZF,180,6000,PARALLEL_BOUNDARY_PAIR_A_B,0.5054945054945055,2.249998092651367,0.724999189376831,0.8749995231628418,1.0,False,False
R02ZF,181,6033,PARALLEL_BOUNDARY_PAIR_A_B,0.37362637362637363,2.8249974250793457,0.6749992370605469,1.1349989414215091,1.0,False,False
R02ZF,182,6067,PARALLEL_BOUNDARY_PAIR_A_B,0.5274725274725275,2.5999975204467773,0.7149992465972903,0.9449990272521971,1.0,False,False
R02ZF,183,6100,PARALLEL_BOUNDARY_PAIR_A_B,0.5934065934065934,2.274998188018799,0.7749996185302734,0.8499994277954102,1.0,False,False
R02ZF,184,6133,PARALLEL_BOUNDARY_PAIR_A_B,0.5384615384615384,2.3499979972839355,0.9999990463256836,1.2499990463256836,1.0,False,False
R02ZF,185,6167,PARALLEL_BOUNDARY_PAIR_A_B,0.5494505494505495,2.2749977111816406,1.0299991607666017,1.1549991607666015,1.0,False,False
R02ZF,186,6200,PARALLEL_BOUNDARY_PAIR_A_B,0.7252747252747253,2.3499979972839355,0.8749990463256836,1.1249990463256836,1.0,True,False
R02ZF,187,6233,PARALLEL_BOUNDARY_PAIR_A_B,0.6373626373626373,2.2249979972839355,0.8349990844726571,0.9599990844726571,1.0,False,False
R02ZF,188,6267,PARALLEL_BOUNDARY_PAIR_A_B,0.5934065934065934,2.324997663497925,0.94499888420105,1.0349991798400882,1.0,False,False
R02ZF,189,6300,PARALLEL_BOUNDARY_PAIR_A_B,0.6153846153846154,2.3999977111816406,0.5999994277954102,0.8499994277954102,1.0,True,False
R02ZF,190,6333,PARALLEL_BOUNDARY_PAIR_A_B,0.6043956043956044,2.2999982833862305,0.6999988555908203,0.8499994277954102,1.0,False,False
R02ZF,191,6367,PARALLEL_BOUNDARY_PAIR_A_B,0.6373626373626373,2.2999982833862305,0.899998664855957,1.099998950958252,1.0,False,False
R02ZF,192,6400,PARALLEL_BOUNDARY_PAIR_A_B,0.7142857142857143,2.3999977111816406,0.6299995422363281,0.8299993515014648,1.0,False,False
R02ZF,193,6433,PARALLEL_BOUNDARY_PAIR_A_B,0.6043956043956044,2.3999977111816406,0.5599994659423829,0.8099994659423828,1.0,False,False
R02ZF,194,6467,PARALLEL_BOUNDARY_PAIR_A_B,0.7362637362637363,2.4499974250793457,0.5499997138977051,0.849998950958252,1.0,False,False
R02ZF,195,6500,PARALLEL_BOUNDARY_PAIR_A_B,0.4945054945054945,2.5499978065490723,0.4499993324279785,0.8799989700317381,1.0,True,False
R02ZF,196,6533,PARALLEL_BOUNDARY_PAIR_A_B,0.6813186813186813,2.3499979972839355,0.4999995231628418,0.7499995231628418,1.0,True,False
R02ZF,197,6567,PARALLEL_BOUNDARY_PAIR_A_B,0.6153846153846154,2.3499977588653564,0.47499942779541016,0.6999990940093994,1.0,False,False
R02ZF,198,6600,PARALLEL_BOUNDARY_PAIR_A_B,0.6593406593406593,2.249998092651367,0.7549990653991699,0.9049996376037597,1.0,False,False
R02ZF,199,6633,PARALLEL_BOUNDARY_PAIR_A_B,0.6923076923076923,2.3999977111816406,0.5899993896484377,0.7899991989135744,1.0,False,False
R02ZF,200,6667,PARALLEL_BOUNDARY_PAIR_A_B,0.7362637362637363,2.5999975204467773,0.4499998092651367,0.8999991416931152,1.0,False,False
R02ZF,201,6700,PARALLEL_BOUNDARY_PAIR_A_B,0.6263736263736264,2.6499977111816406,0.4999997138977051,0.8499994277954102,1.0,True,False
R02ZF,202,6733,PARALLEL_BOUNDARY_PAIR_A_B,0.6923076923076923,2.499997138977051,0.5499997138977051,0.9399993896484378,1.0,True,False
R02ZF,203,6767,PARALLEL_BOUNDARY_PAIR_A_B,0.7032967032967034,2.549997329711914,0.4999995231628418,0.8499994277954102,1.0,True,False
R02ZF,204,6800,PARALLEL_BOUNDARY_PAIR_A_B,0.7032967032967034,2.749997138977051,0.6199993133544924,0.849998950958252,1.0,True,False
R02ZF,205,6833,PARALLEL_BOUNDARY_PAIR_A_B,0.6373626373626373,2.6999969482421875,0.4999990463256836,0.8649990081787111,1.0,True,False
R02ZF,206,6867,PARALLEL_BOUNDARY_PAIR_A_B,0.7692307692307693,2.749997138977051,0.5499992370605469,0.8999991416931152,1.0,True,False
R02ZF,207,6900,PARALLEL_BOUNDARY_PAIR_A_B,0.7032967032967034,2.6999969482421875,0.5499992370605469,0.9349992752075194,1.0,False,False
R02ZF,208,6933,PARALLEL_BOUNDARY_PAIR_A_B,0.7362637362637363,2.699997901916504,0.5500001907348633,0.8999991416931152,1.0,True,False
R02ZF,209,6967,PARALLEL_BOUNDARY_PAIR_A_B,0.6153846153846154,2.6499977111816406,0.4999995231628418,0.8999991416931152,1.0,True,False
R02ZF,210,7000,PARALLEL_BOUNDARY_PAIR_A_B,0.7472527472527473,2.799997329711914,0.5999994277954102,0.849998950958252,1.0,True,False
R02ZF,211,7033,PARALLEL_BOUNDARY_PAIR_A_B,0.6043956043956044,2.4499974250793457,0.3799997329711915,0.6299992561340333,1.0,True,False
R02ZF,212,7067,PARALLEL_BOUNDARY_PAIR_A_B,0.6043956043956044,2.6499977111816406,0.5,0.7999992370605469,1.0,True,False
R02ZF,213,7100,PARALLEL_BOUNDARY_PAIR_A_B,0.5054945054945055,2.624997615814209,0.47499990463256836,0.8999991416931152,1.0,True,False
R02ZF,214,7133,PARALLEL_BOUNDARY_PAIR_A_B,0.6153846153846154,2.5499978065490723,0.47499966621398926,0.8999993801116943,1.0,True,False
R02ZF,215,7167,PARALLEL_BOUNDARY_PAIR_A_B,0.5934065934065934,2.499997615814209,0.4849996089935304,0.8849995613098147,1.0,False,False
R02ZF,216,7200,PARALLEL_BOUNDARY_PAIR_A_B,0.6703296703296703,2.549997329711914,0.4499998092651367,0.8499994277954102,1.0,True,False
R02ZF,217,7233,PARALLEL_BOUNDARY_PAIR_A_B,0.6593406593406593,2.5749974250793457,0.47499990463256836,0.8999996185302734,1.0,False,False
R02ZF,218,7267,PARALLEL_BOUNDARY_PAIR_A_B,0.6483516483516484,2.5999975204467773,0.5099998474121095,0.739999198913575,1.0,True,False
R02ZF,219,7300,PARALLEL_BOUNDARY_PAIR_A_B,0.6043956043956044,2.6499972343444824,0.5299993515014649,0.8599991798400879,1.0,False,False
R02ZF,220,7333,PARALLEL_BOUNDARY_PAIR_A_B,0.6593406593406593,2.5999975204467773,0.4499998092651367,0.7999992370605469,1.0,False,False
R02ZF,221,7367,PARALLEL_BOUNDARY_PAIR_A_B,0.5604395604395604,2.6499977111816406,0.5499997138977051,0.8999991416931152,1.0,True,False
R02ZF,222,7400,PARALLEL_BOUNDARY_PAIR_A_B,0.6813186813186813,2.6999969482421875,0.5499992370605469,0.8449994087219239,1.0,False,False
R02ZF,223,7433,PARALLEL_BOUNDARY_PAIR_A_B,0.5714285714285714,2.7249975204467773,0.5749998092651367,0.8949991703033446,1.0,False,False
R02ZF,224,7467,PARALLEL_BOUNDARY_PAIR_A_B,0.6923076923076923,2.6999969482421875,0.599998950958252,1.0099988937377935,1.0,True,False
R02ZF,225,7500,PARALLEL_BOUNDARY_PAIR_A_B,0.6263736263736264,2.5999975204467773,0.4999992370605469,0.9199990272521972,1.0,False,False
R02ZF,226,7533,PARALLEL_BOUNDARY_PAIR_A_B,0.5934065934065934,2.749997138977051,0.6349992275238039,0.984998655319214,1.0,False,False
R02ZF,227,7567,PARALLEL_BOUNDARY_PAIR_A_B,0.46153846153846156,2.7249972820281982,0.5749995708465576,0.9499988555908203,1.0,False,False
R02ZF,228,7600,PARALLEL_BOUNDARY_PAIR_A_B,0.5494505494505495,2.8249971866607666,0.7249996662139893,0.9999990463256836,1.0,True,False
R02ZF,229,7633,PARALLEL_BOUNDARY_PAIR_A_B,0.46153846153846156,2.7749972343444824,0.6699992656707763,1.0499992370605469,1.0,True,False
R02ZF,230,7667,PARALLEL_BOUNDARY_PAIR_A_B,0.4835164835164835,2.799997329711914,0.6849997520446779,1.084999370574951,1.0,False,False
R02ZF,231,7700,PARALLEL_BOUNDARY_PAIR_A_B,0.4175824175824176,2.799997329711914,0.6999993324279785,1.1099991798400888,1.0,False,False
R02ZF,232,7733,PARALLEL_BOUNDARY_PAIR_A_B,0.5604395604395604,2.899996757507324,0.7499990463256836,1.0499992370605469,1.0,False,False
R02ZF,233,7767,PARALLEL_BOUNDARY_PAIR_A_B,0.5274725274725275,2.799997329711914,0.6499996185302734,0.9999990463256836,1.0,False,False
R02ZF,234,7800,PARALLEL_BOUNDARY_PAIR_A_B,0.46153846153846156,2.5999975204467773,0.5999994277954102,1.0999994277954102,1.0,False,False
R02ZF,235,7833,PARALLEL_BOUNDARY_PAIR_A_B,0.4835164835164835,2.6749978065490723,0.5750002861022949,1.0399994850158696,1.0,False,False
R02ZF,236,7867,PARALLEL_BOUNDARY_PAIR_A_B,0.5054945054945055,2.7749974727630615,0.6749999523162842,1.049999475479126,1.0,False,False
R02ZF,237,7900,PARALLEL_BOUNDARY_PAIR_A_B,0.4835164835164835,2.674997091293335,0.5249997138977051,0.9999990463256836,1.0,True,False
R02ZF,238,7933,PARALLEL_BOUNDARY_PAIR_A_B,0.5274725274725275,2.849997043609619,0.6999993324279785,1.0499992370605469,1.0,False,False
R02ZF,239,7967,PARALLEL_BOUNDARY_PAIR_A_B,0.5934065934065934,2.749997138977051,0.5999994277954102,0.9699990749359135,1.0,False,False
R02ZF,240,8000,PARALLEL_BOUNDARY_PAIR_A_B,0.5604395604395604,2.4499974250793457,0.7499995231628418,1.0499992370605469,1.0,False,False
R02ZF,241,8033,PARALLEL_BOUNDARY_PAIR_A_B,0.4945054945054945,2.6999969482421875,0.5999994277954102,1.0999994277954102,1.0,True,False
R02ZF,242,8067,PARALLEL_BOUNDARY_PAIR_A_B,0.6153846153846154,2.899996757507324,0.6999988555908203,0.9999990463256836,1.0,False,False
R02ZF,243,8100,PARALLEL_BOUNDARY_PAIR_A_B,0.5824175824175825,2.849997043609619,0.6999993324279785,0.9399990081787113,1.0,False,False
R02ZF,244,8133,PARALLEL_BOUNDARY_PAIR_A_B,0.5934065934065934,2.874997138977051,0.774999475479126,1.1049993038177495,1.0,False,False
R02ZF,245,8167,PARALLEL_BOUNDARY_PAIR_A_B,0.5934065934065934,2.799997329711914,0.5849995136260988,0.934998941421509,1.0,False,False
R02ZF,246,8200,PARALLEL_BOUNDARY_PAIR_A_B,0.6043956043956044,2.6999969482421875,0.5999984741210938,0.9999980926513672,1.0,False,False
R02ZF,247,8233,PARALLEL_BOUNDARY_PAIR_A_B,0.5164835164835165,2.6999974250793457,0.5999999046325684,0.9499993324279785,1.0,False,False
R02ZF,248,8267,PARALLEL_BOUNDARY_PAIR_A_B,0.7032967032967034,2.6499974727630615,0.5349995613098146,0.934998941421509,1.0,False,False
R02ZF,249,8300,PARALLEL_BOUNDARY_PAIR_A_B,0.5824175824175825,2.199997901916504,0.8399990081787112,0.9399989128112796,1.0,False,False
R02ZF,250,8333,PARALLEL_BOUNDARY_PAIR_A_B,0.5824175824175825,2.3999977111816406,0.6499991416931152,0.9999990463256836,1.0,False,False
R02ZF,251,8367,PARALLEL_BOUNDARY_PAIR_A_B,0.5824175824175825,2.549997329711914,0.4999995231628418,0.8899991035461428,1.0,False,False
R02ZF,252,8400,PARALLEL_BOUNDARY_PAIR_A_B,0.5494505494505495,2.7249972820281982,0.5749995708465576,1.0999994277954102,1.0,False,False
R02ZF,253,8433,PARALLEL_BOUNDARY_PAIR_A_B,0.46153846153846156,2.574997663497925,0.694999265670776,1.069998979568481,1.0,False,False
R02ZF,254,8467,PARALLEL_BOUNDARY_PAIR_A_B,0.5604395604395604,2.6999969482421875,0.5999994277954102,0.8999996185302734,1.0,False,False
R02ZF,255,8500,PARALLEL_BOUNDARY_PAIR_A_B,0.4945054945054945,2.749997615814209,0.5999999046325684,0.8299993515014648,1.0,False,False
R02ZF,256,8533,PARALLEL_BOUNDARY_PAIR_A_B,0.6923076923076923,2.6499977111816406,0.5500000953674317,0.8499994277954102,1.0,False,False
R02ZF,257,8567,PARALLEL_BOUNDARY_PAIR_A_B,0.46153846153846156,2.849997043609619,0.5849994659423826,0.7799996852874758,1.0,True,False
R02ZF,258,8600,PARALLEL_BOUNDARY_PAIR_A_B,0.5824175824175825,2.799997329711914,0.6499996185302734,1.1499991416931152,1.0,False,False
R02ZF,259,8633,PARALLEL_BOUNDARY_PAIR_A_B,0.5054945054945055,2.749997615814209,0.5999999046325684,1.099999189376831,1.0,False,False
R02ZF,260,8667,PARALLEL_BOUNDARY_PAIR_A_B,0.5164835164835165,2.749997615814209,0.5999999046325684,0.7499995231628418,1.0,True,False
R02ZF,261,8700,PARALLEL_BOUNDARY_PAIR_A_B,0.6043956043956044,2.6999974250793457,0.5999994277954102,1.0399991035461427,1.0,True,False
R02ZF,262,8733,PARALLEL_BOUNDARY_PAIR_A_B,0.6043956043956044,2.6999969482421875,0.5999999046325684,1.099998950958252,1.0,False,False
R02ZF,263,8767,PARALLEL_BOUNDARY_PAIR_A_B,0.5054945054945055,2.6499977111816406,0.6499991416931152,1.099998950958252,1.0,False,False
R02ZF,264,8800,PARALLEL_BOUNDARY_PAIR_A_B,0.6923076923076923,2.6499972343444824,0.5499996185302735,0.9499988555908203,1.0,True,False
R02ZF,265,8833,PARALLEL_BOUNDARY_PAIR_A_B,0.6263736263736264,2.749997615814209,0.5499997138977051,1.099998950958252,1.0,False,False
R02ZF,266,8867,PARALLEL_BOUNDARY_PAIR_A_B,0.5164835164835165,2.749997615814209,0.5999994277954102,1.0999994277954102,1.0,False,False
R02ZF,267,8900,PARALLEL_BOUNDARY_PAIR_A_B,0.5274725274725275,2.6499972343444824,0.5149996280670168,0.9499989986419677,1.0,True,False
R02ZF,268,8933,PARALLEL_BOUNDARY_PAIR_A_B,0.4175824175824176,2.749997615814209,0.6149999618530275,0.8949993133544929,1.0,False,False
R02ZF,269,8967,PARALLEL_BOUNDARY_PAIR_A_B,0.6043956043956044,2.749997615814209,0.6499991416931152,1.0199987411499025,1.0,False,False
R02ZF,270,9000,PARALLEL_BOUNDARY_PAIR_A_B,0.5714285714285714,2.749997138977051,0.5500000953674317,0.7949992656707763,1.0,False,False
R02ZF,271,9033,PARALLEL_BOUNDARY_PAIR_A_B,0.46153846153846156,2.7749974727630615,0.5199998378753662,0.8449994087219239,1.0,True,False
R02ZF,272,9067,PARALLEL_BOUNDARY_PAIR_A_B,0.6593406593406593,2.6499972343444824,0.5999994277954102,1.099998950958252,1.0,True,False
R02ZF,273,9100,PARALLEL_BOUNDARY_PAIR_A_B,0.5714285714285714,2.6499972343444824,0.5999994277954102,0.9999990463256836,1.0,False,False
R02ZF,274,9133,PARALLEL_BOUNDARY_PAIR_A_B,0.4835164835164835,2.6999974250793457,0.5,0.9349998950958254,1.0,True,False
R02ZF,275,9167,PARALLEL_BOUNDARY_PAIR_A_B,0.43956043956043955,2.849997043609619,0.40499958992004403,0.7549999713897706,1.0,False,False
R02ZF,276,9200,PARALLEL_BOUNDARY_PAIR_A_B,0.6153846153846154,2.7249975204467773,0.5249996185302734,0.9999995231628418,1.0,False,False
R02ZF,277,9233,PARALLEL_BOUNDARY_PAIR_A_B,0.5824175824175825,2.749997138977051,0.4999995231628418,0.9000000953674316,1.0,False,False
R02ZF,278,9267,PARALLEL_BOUNDARY_PAIR_A_B,0.5494505494505495,2.6499977111816406,0.4599997997283937,0.7049993515014648,1.0,True,False
R02ZF,279,9300,PARALLEL_BOUNDARY_PAIR_A_B,0.5494505494505495,2.6999974250793457,0.5999999046325684,1.0549997329711913,1.0,False,False
R02ZF,280,9333,PARALLEL_BOUNDARY_PAIR_A_B,0.5934065934065934,2.6499974727630615,0.4999997615814209,0.8499994277954102,1.0,True,False
R02ZF,281,9367,PARALLEL_BOUNDARY_PAIR_A_B,0.6813186813186813,2.5499978065490723,0.5,0.7949992656707763,1.0,True,False
R02ZF,282,9400,PARALLEL_BOUNDARY_PAIR_A_B,0.6043956043956044,2.5999975204467773,0.5499997138977051,0.9999993324279783,1.0,True,False
R02ZF,283,9433,PARALLEL_BOUNDARY_PAIR_A_B,0.4945054945054945,2.5999975204467773,0.5499995231628418,0.9599992752075197,1.0,False,False
R02ZF,284,9467,PARALLEL_BOUNDARY_PAIR_A_B,0.6813186813186813,2.6999974250793457,0.5949994087219238,0.9499993324279785,1.0,True,False
R02ZF,285,9500,PARALLEL_BOUNDARY_PAIR_A_B,0.5604395604395604,2.6499972343444824,0.5999994277954102,0.9999995231628418,1.0,False,False
R02ZF,286,9533,PARALLEL_BOUNDARY_PAIR_A_B,0.5714285714285714,2.674997568130493,0.5199994087219237,0.8999991416931152,1.0,True,False
R02ZF,287,9567,PARALLEL_BOUNDARY_PAIR_A_B,0.5824175824175825,2.3999977111816406,0.4499993324279785,0.7399991035461428,1.0,True,False
R02ZF,288,9600,PARALLEL_BOUNDARY_PAIR_A_B,0.6593406593406593,2.2749979496002197,0.8249990940093994,0.9999995231628418,1.0,False,False
R02ZF,289,9633,PARALLEL_BOUNDARY_PAIR_A_B,0.5494505494505495,2.324997663497925,0.7749993801116943,0.9499988555908203,1.0,False,False
R02ZF,290,9667,PARALLEL_BOUNDARY_PAIR_A_B,0.5164835164835165,2.3499979972839355,0.7499990463256836,1.1399989128112793,1.0,False,False
R02ZF,291,9700,PARALLEL_BOUNDARY_PAIR_A_B,0.5274725274725275,2.499997615814209,0.7499995231628418,1.0499992370605469,1.0,True,False
R02ZF,292,9733,PARALLEL_BOUNDARY_PAIR_A_B,0.38461538461538464,2.499997138977051,0.5999999046325684,0.8499994277954102,1.0,False,False
R02ZF,293,9767,PARALLEL_BOUNDARY_PAIR_A_B,0.5384615384615384,2.449997901916504,0.6499991416931152,0.8499994277954102,1.0,False,False
R02ZF,294,9800,PARALLEL_BOUNDARY_PAIR_A_B,0.6043956043956044,2.4499974250793457,0.5999999046325684,0.8499994277954102,1.0,False,False
R02ZF,295,9833,PARALLEL_BOUNDARY_PAIR_A_B,0.3516483516483517,2.49999737739563,0.7349992752075198,1.0299987792968754,1.0,False,False
R02ZF,296,9867,PARALLEL_BOUNDARY_PAIR_A_B,0.5714285714285714,2.699997663497925,0.4999997138977051,0.8999996185302734,1.0,False,False
R02ZF,297,9900,PARALLEL_BOUNDARY_PAIR_A_B,0.46153846153846156,2.499997615814209,0.5499997138977051,0.8499994277954102,1.0,False,False
R02ZF,298,9933,PARALLEL_BOUNDARY_PAIR_A_B,0.5824175824175825,2.499997615814209,0.5499992370605469,0.7999992370605469,1.0,True,False
R02ZF,299,9967,PARALLEL_BOUNDARY_PAIR_A_B,0.7032967032967034,2.5499978065490723,0.6849990844726563,1.0349989891052247,1.0,False,False
R02ZF,300,10000,PARALLEL_BOUNDARY_PAIR_A_B,0.6373626373626373,2.549997568130493,0.6799992084503178,1.0299988746643072,1.0,True,False
R02ZF,301,10033,PARALLEL_BOUNDARY_PAIR_A_B,0.5824175824175825,2.499998092651367,0.4999990463256836,0.8399990081787108,1.0,True,False
R02ZF,302,10067,PARALLEL_BOUNDARY_PAIR_A_B,0.5494505494505495,2.5499978065490723,0.4499993324279785,0.7999992370605469,1.0,True,False
R02ZF,303,10100,PARALLEL_BOUNDARY_PAIR_A_B,0.6043956043956044,2.499998092651367,0.4999990463256836,0.849998950958252,1.0,True,False
R02ZF,304,10133,PARALLEL_BOUNDARY_PAIR_A_B,0.7362637362637363,2.499998092651367,0.5499987602233887,0.899998664855957,1.0,True,False
R02ZF,305,10167,PARALLEL_BOUNDARY_PAIR_A_B,0.6483516483516484,2.2999982833862305,0.6999988555908203,0.8499990463256837,1.0,False,False
R02ZF,306,10200,PARALLEL_BOUNDARY_PAIR_A_B,0.7032967032967034,2.5999975204467773,0.5,0.8999989986419679,1.0,False,False
R02ZF,307,10233,PARALLEL_BOUNDARY_PAIR_A_B,0.7142857142857143,2.4499974250793457,0.5499997138977051,0.849998950958252,1.0,False,False
R02ZF,308,10267,PARALLEL_BOUNDARY_PAIR_A_B,0.7472527472527473,2.6499972343444824,0.4999995231628418,0.849998950958252,1.0,False,False
R02ZF,309,10300,PARALLEL_BOUNDARY_PAIR_A_B,0.6593406593406593,2.49999737739563,0.4999997615814209,0.8049992084503175,1.0,False,False
R02ZF,310,10333,PARALLEL_BOUNDARY_PAIR_A_B,0.6373626373626373,2.5999975204467773,0.5149991035461428,0.8799992561340337,1.0,False,False
R02ZF,311,10367,PARALLEL_BOUNDARY_PAIR_A_B,0.7032967032967034,2.499997854232788,0.4999992847442627,0.849998950958252,1.0,False,False
R02ZF,312,10400,PARALLEL_BOUNDARY_PAIR_A_B,0.7032967032967034,2.449997901916504,0.6199988365173342,0.9199985504150394,1.0,False,False
R02ZF,313,10433,PARALLEL_BOUNDARY_PAIR_A_B,0.7252747252747253,2.4499974250793457,0.6249995231628418,0.8749990463256836,1.0,False,False
R02ZF,314,10467,PARALLEL_BOUNDARY_PAIR_A_B,0.7692307692307693,2.3499977588653564,0.6499993801116943,0.849998950958252,1.0,False,False
R02ZF,315,10500,PARALLEL_BOUNDARY_PAIR_A_B,0.7032967032967034,2.374997854232788,0.6249992847442627,0.849998950958252,1.0,False,False
R02ZF,316,10533,PARALLEL_BOUNDARY_PAIR_A_B,0.7582417582417582,2.3999977111816406,0.5999994277954102,0.8599988937377931,1.0,True,False
R02ZF,317,10567,PARALLEL_BOUNDARY_PAIR_A_B,0.6703296703296703,2.499997138977051,0.4500002861022949,0.7999992370605469,1.0,True,False
R02ZF,318,10600,PARALLEL_BOUNDARY_PAIR_A_B,0.6703296703296703,2.449997901916504,0.6499991416931152,0.9499988555908203,1.0,False,False
R02ZF,319,10633,PARALLEL_BOUNDARY_PAIR_A_B,0.7802197802197802,2.3499979972839355,0.6499991416931152,0.849998950958252,1.0,False,False
R02ZF,320,10667,PARALLEL_BOUNDARY_PAIR_A_B,0.43956043956043955,2.449997663497925,0.4999997615814209,0.6999993324279785,1.0,True,False
R02ZF,321,10700,PARALLEL_BOUNDARY_PAIR_A_B,0.5934065934065934,2.499997615814209,0.4499998092651367,0.6999993324279785,1.0,True,False
R02ZF,322,10733,PARALLEL_BOUNDARY_PAIR_A_B,0.4945054945054945,2.449997901916504,0.4999995231628418,0.7499995231628418,1.0,True,False
R02ZF,323,10767,PARALLEL_BOUNDARY_PAIR_A_B,0.5494505494505495,2.4749977588653564,0.47499966621398926,0.7049997806549073,1.0,False,False
R02ZF,324,10800,PARALLEL_BOUNDARY_PAIR_A_B,0.6593406593406593,2.424997568130493,0.5299998283386231,0.714999294281006,1.0,True,False
R02ZF,325,10833,PARALLEL_BOUNDARY_PAIR_A_B,0.5604395604395604,2.3499979972839355,0.4499993324279785,0.5999994277954102,1.0,True,False
R02ZF,326,10867,PARALLEL_BOUNDARY_PAIR_A_B,0.5274725274725275,2.2749979496002197,0.6899993896484378,0.8149991512298587,1.0,True,False
R02ZF,327,10900,PARALLEL_BOUNDARY_PAIR_A_B,0.5054945054945055,2.374997854232788,0.6249992847442627,0.7499990463256836,1.0,False,False
R02ZF,328,10933,PARALLEL_BOUNDARY_PAIR_A_B,0.5714285714285714,2.449997663497925,0.5449994564056396,0.7949992179870606,1.0,False,False
R02ZF,329,10967,PARALLEL_BOUNDARY_PAIR_A_B,0.5384615384615384,2.4499974250793457,0.5699996948242191,0.7699990272521977,1.0,False,False
R02ZF,330,11000,PARALLEL_BOUNDARY_PAIR_A_B,0.5274725274725275,2.424997568130493,0.5399997711181643,0.7999992370605469,1.0,True,False
R02ZF,331,11033,PARALLEL_BOUNDARY_PAIR_A_B,0.6043956043956044,2.499997138977051,0.4500002861022949,0.6999998092651367,1.0,True,False
R02ZF,332,11067,PARALLEL_BOUNDARY_PAIR_A_B,0.5054945054945055,2.3999977111816406,0.5499997138977051,0.7249994277954102,1.0,True,False
R02ZF,333,11100,PARALLEL_BOUNDARY_PAIR_A_B,0.5164835164835165,2.5999975204467773,0.34999990463256836,0.6499998092651369,1.0,True,False
R02ZF,334,11133,PARALLEL_BOUNDARY_PAIR_A_B,0.5054945054945055,2.5999975204467773,0.34999990463256836,0.599998950958252,1.0,True,False
R02ZF,335,11167,PARALLEL_BOUNDARY_PAIR_A_B,0.5274725274725275,2.5249974727630615,0.47499966621398926,0.7999992370605469,1.0,True,False
R02ZF,336,11200,PARALLEL_BOUNDARY_PAIR_A_B,0.5934065934065934,2.3999977111816406,0.5499997138977051,0.7499995231628418,1.0,False,False
R02ZF,337,11233,PARALLEL_BOUNDARY_PAIR_A_B,0.45054945054945056,2.5999975204467773,0.34999942779541016,0.6499991416931152,1.0,True,False
R02ZF,338,11267,PARALLEL_BOUNDARY_PAIR_A_B,0.6153846153846154,2.374997854232788,0.6249992847442627,0.8249993324279785,1.0,False,False
R02ZF,339,11300,PARALLEL_BOUNDARY_PAIR_A_B,0.5054945054945055,2.5999975204467773,0.424999475479126,0.6749992370605469,1.0,False,False
R02ZF,340,11333,PARALLEL_BOUNDARY_PAIR_A_B,0.4945054945054945,2.5499978065490723,0.4499993324279785,0.7099992752075197,1.0,False,False
R02ZF,341,11367,PARALLEL_BOUNDARY_PAIR_A_B,0.5274725274725275,2.5499978065490723,0.46499953269958516,0.7149992465972899,1.0,False,False
R02ZF,342,11400,PARALLEL_BOUNDARY_PAIR_A_B,0.5714285714285714,2.449997901916504,0.4499993324279785,0.6499995708465578,1.0,True,False
R02ZF,343,11433,PARALLEL_BOUNDARY_PAIR_A_B,0.42857142857142855,2.5999975204467773,0.39999961853027344,0.6999993324279785,1.0,True,False
R02ZF,344,11467,PARALLEL_BOUNDARY_PAIR_A_B,0.6263736263736264,2.5999975204467773,0.3699997901916503,0.6499998092651369,1.0,True,False
R02ZF,345,11500,PARALLEL_BOUNDARY_PAIR_A_B,0.4945054945054945,2.3999977111816406,0.5299996376037598,0.7599992752075195,1.0,False,False
R02ZF,346,11533,PARALLEL_BOUNDARY_PAIR_A_B,0.6373626373626373,2.3499975204467773,0.5949995994567877,0.799998903274536,1.0,True,False
R02ZF,347,11567,PARALLEL_BOUNDARY_PAIR_A_B,0.6703296703296703,2.3999977111816406,0.5999994277954102,0.8499994277954102,1.0,False,False
R02ZF,348,11600,PARALLEL_BOUNDARY_PAIR_A_B,0.5384615384615384,2.449997901916504,0.6499991416931152,0.7499990463256836,1.0,False,False
R02ZF,349,11633,PARALLEL_BOUNDARY_PAIR_A_B,0.6263736263736264,2.3499975204467773,0.6499996185302734,0.849998950958252,1.0,False,False
R02ZF,350,11667,PARALLEL_BOUNDARY_PAIR_A_B,0.7252747252747253,2.3999977111816406,0.5999994277954102,0.8999991416931152,1.0,False,False
R02ZF,351,11700,PARALLEL_BOUNDARY_PAIR_A_B,0.7912087912087912,2.499997854232788,0.4499995708465576,0.7999987602233887,1.0,True,False
R02ZF,352,11733,PARALLEL_BOUNDARY_PAIR_A_B,0.8021978021978022,2.449997901916504,0.48999910354614246,0.7899988174438475,1.0,True,False
R02ZF,353,11767,PARALLEL_BOUNDARY_PAIR_A_B,0.8681318681318682,2.5999975204467773,0.4999991416931152,0.7999992370605469,1.0,False,False
R02ZF,354,11800,PARALLEL_BOUNDARY_PAIR_A_B,0.8241758241758241,2.749997138977051,0.6499991416931152,0.8999991416931152,1.0,False,False
R02ZF,355,11833,PARALLEL_BOUNDARY_PAIR_A_B,0.7252747252747253,2.3999977111816406,0.6249995231628418,0.8249993324279785,1.0,False,False
R02ZF,356,11867,PARALLEL_BOUNDARY_PAIR_A_B,0.6703296703296703,2.5999975204467773,0.5999994277954102,0.8999991416931152,1.0,False,False
R02ZF,357,11900,PARALLEL_BOUNDARY_PAIR_A_B,0.6483516483516484,2.6499972343444824,0.5499997138977051,0.9199987411499024,1.0,False,False
R02ZF,358,11933,PARALLEL_BOUNDARY_PAIR_A_B,0.6483516483516484,2.449997901916504,0.39999971389770506,0.6999993324279785,1.0,True,False
R02ZF,359,11967,PARALLEL_BOUNDARY_PAIR_A_B,0.6593406593406593,2.3499979972839355,0.4499993324279785,0.7099997520446777,1.0,True,False
R02ZF,360,12000,PARALLEL_BOUNDARY_PAIR_A_B,0.7472527472527473,2.3499979972839355,0.5999999046325684,0.849998950958252,1.0,True,False
R02ZF,361,12033,PARALLEL_BOUNDARY_PAIR_A_B,0.6263736263736264,2.499998092651367,0.849998664855957,1.1999990463256838,1.0,False,False
R02ZF,362,12067,PARALLEL_BOUNDARY_PAIR_A_B,0.6483516483516484,2.499997615814209,0.4499993324279785,0.849998950958252,1.0,False,False
R02ZF,363,12100,PARALLEL_BOUNDARY_PAIR_A_B,0.6593406593406593,2.499997615814209,0.8099987983703615,1.1099985122680667,1.0,False,False
R02ZF,364,12133,PARALLEL_BOUNDARY_PAIR_A_B,0.5934065934065934,2.674997091293335,0.5599991798400881,0.9499991893768311,1.0,False,False
R02ZF,365,12167,PARALLEL_BOUNDARY_PAIR_A_B,0.6483516483516484,2.5999975204467773,0.5799993515014653,0.8899990081787115,1.0,False,False
R02ZF,366,12200,PARALLEL_BOUNDARY_PAIR_A_B,0.6593406593406593,2.549997568130493,0.39999938011169434,0.7049993038177491,1.0,True,False
R02ZF,367,12233,PARALLEL_BOUNDARY_PAIR_A_B,0.6263736263736264,2.6499977111816406,0.539999485015869,0.769999122619629,1.0,False,False
R02ZF,368,12267,PARALLEL_BOUNDARY_PAIR_A_B,0.6703296703296703,2.5999975204467773,0.4499993324279785,0.7999987602233887,1.0,False,False
R02ZF,369,12300,PARALLEL_BOUNDARY_PAIR_A_B,0.6923076923076923,2.449997901916504,0.6399991989135745,0.8499993801116945,1.0,False,False
R02ZF,370,12333,PARALLEL_BOUNDARY_PAIR_A_B,0.6263736263736264,2.499997615814209,0.4999995231628418,0.8199993133544923,1.0,True,False
R02ZF,371,12367,PARALLEL_BOUNDARY_PAIR_A_B,0.4945054945054945,2.6499977111816406,0.4999996185302734,0.8499994277954102,1.0,True,False
R02ZF,372,12400,PARALLEL_BOUNDARY_PAIR_A_B,0.5604395604395604,2.4499974250793457,0.5499997138977051,0.7499995231628418,1.0,True,False
R02ZF,373,12433,PARALLEL_BOUNDARY_PAIR_A_B,0.4065934065934066,2.3499979972839355,0.6999990463256835,0.7999989509582521,1.0,False,False
R02ZF,374,12467,PARALLEL_BOUNDARY_PAIR_A_B,0.43956043956043955,2.749997615814209,0.6999993801116944,1.2999988079071043,1.0,False,False
R02ZF,375,12500,PARALLEL_BOUNDARY_PAIR_A_B,0.4835164835164835,2.5999975204467773,0.7849992513656617,1.0849988222122193,1.0,False,False
R02ZF,376,12533,PARALLEL_BOUNDARY_PAIR_A_B,0.5604395604395604,2.8999972343444824,0.4999995231628418,0.7999987602233887,1.0,False,False
R02ZF,377,12567,PARALLEL_BOUNDARY_PAIR_A_B,0.46153846153846156,2.799997329711914,0.9999990463256836,1.5399982929229736,1.0,True,False
R02ZF,378,12600,PARALLEL_BOUNDARY_PAIR_A_B,0.5274725274725275,2.849997043609619,0.8649991989135745,1.1299993991851807,1.0,False,False
R02ZF,379,12633,PARALLEL_BOUNDARY_PAIR_A_B,0.6263736263736264,3.349997043609619,1.0999991416931152,1.5999986648559572,1.0,False,False
R02ZF,380,12667,PARALLEL_BOUNDARY_PAIR_A_B,0.3956043956043956,3.2249971628189087,0.6749993562698364,1.2999987602233887,1.0,False,False
R02ZF,381,12700,PARALLEL_BOUNDARY_PAIR_A_B,0.5164835164835165,3.049996852874756,0.7999997138977051,1.3399982452392578,1.0,False,False
R02ZF,382,12733,PARALLEL_BOUNDARY_PAIR_A_B,0.5604395604395604,3.099996566772461,0.7999987602233887,1.2499985694885254,1.0,False,False
R02ZF,383,12767,PARALLEL_BOUNDARY_PAIR_A_B,0.4835164835164835,2.749997138977051,1.009999656677247,1.2599987030029305,1.0,False,False
R02ZF,384,12800,PARALLEL_BOUNDARY_PAIR_A_B,0.5494505494505495,2.699997901916504,1.0999994277954102,1.60499849319458,1.0,False,False
R02ZF,385,12833,PARALLEL_BOUNDARY_PAIR_A_B,0.4175824175824176,2.8249974250793457,1.0749993324279785,1.1699992656707776,1.0,False,False
R02ZF,386,12867,PARALLEL_BOUNDARY_PAIR_A_B,0.4945054945054945,2.999997138977051,0.8499994277954102,1.249999237060547,1.0,True,False
R02ZF,387,12900,PARALLEL_BOUNDARY_PAIR_A_B,0.5494505494505495,3.149996757507324,1.2999987602233887,1.9999985694885254,1.0,False,False
R02ZF,388,12933,PARALLEL_BOUNDARY_PAIR_A_B,0.6153846153846154,3.174997091293335,0.8499994277954102,1.1749989986419678,1.0,False,False
R02ZF,389,12967,PARALLEL_BOUNDARY_PAIR_A_B,0.6153846153846154,3.12499737739563,0.8749995231628418,1.2499988079071045,1.0,False,False
R02ZF,390,13000,PARALLEL_BOUNDARY_PAIR_A_B,0.7582417582417582,3.099997043609619,0.8999991416931152,1.3599988937377931,1.0,False,False
R02ZF,391,13033,PARALLEL_BOUNDARY_PAIR_A_B,0.6923076923076923,3.049997329711914,0.7999992370605469,1.4399980545043949,1.0,False,False
R02ZF,392,13067,PARALLEL_BOUNDARY_PAIR_A_B,0.6593406593406593,3.149997115135193,0.969999194145203,1.6699986457824707,1.0,False,False
R02ZF,393,13100,PARALLEL_BOUNDARY_PAIR_A_B,0.6923076923076923,3.099997043609619,0.9899987220764163,1.5899986267089843,1.0,False,False
R02ZF,394,13133,PARALLEL_BOUNDARY_PAIR_A_B,0.6813186813186813,3.0499969720840454,1.1499987840652466,1.8449985027313232,1.0,False,False
R02ZF,395,13167,PARALLEL_BOUNDARY_PAIR_A_B,0.7142857142857143,2.9499974250793457,1.1599988937377932,1.7899979591369628,1.0,False,False
R02ZF,396,13200,PARALLEL_BOUNDARY_PAIR_A_B,0.7032967032967034,2.999997138977051,1.0499992370605469,1.5499987602233887,1.0,False,False
R02ZF,397,13233,PARALLEL_BOUNDARY_PAIR_A_B,0.7252747252747253,3.149996757507324,1.149998664855957,1.5999984741210938,1.0,False,False
R02ZF,398,13267,PARALLEL_BOUNDARY_PAIR_A_B,0.8681318681318682,3.1499972343444824,1.349998950958252,1.9399981498718266,1.0,False,False
R02ZF,399,13300,PARALLEL_BOUNDARY_PAIR_A_B,0.8021978021978022,3.1499972343444824,1.399998664855957,2.149997663497924,1.0,False,False
R02ZF,400,13333,PARALLEL_BOUNDARY_PAIR_A_B,0.6703296703296703,3.149996757507324,1.5999979972839355,2.299997329711914,1.0,False,False
R02ZF,401,13367,PARALLEL_BOUNDARY_PAIR_A_B,0.7362637362637363,3.049997329711914,1.1699989318847652,2.059997701644897,1.0,False,False
R02ZF,402,13400,PARALLEL_BOUNDARY_PAIR_A_B,0.26373626373626374,3.1999969482421875,1.5999984741210938,2.3499977588653564,1.0,False,False
R02ZF,403,13433,PARALLEL_BOUNDARY_PAIR_A_B,0.43956043956043955,3.2999963760375977,1.749997615814209,2.3549973249435427,1.0,False,False
R02ZF,404,13467,PARALLEL_BOUNDARY_PAIR_A_B,0.45054945054945056,3.1999969482421875,0.9999990463256836,1.649998426437378,1.0,False,False
R02ZF,405,13500,PARALLEL_BOUNDARY_PAIR_A_B,0.45054945054945056,2.8999977111816406,0.9999983310699463,1.7999980449676514,1.0,False,False
R02ZF,406,13533,PARALLEL_BOUNDARY_PAIR_A_B,0.6153846153846154,2.249997615814209,1.4999988079071045,1.6499981880187988,1.0,False,False
R02ZF,407,13567,PARALLEL_BOUNDARY_PAIR_A_B,0.5714285714285714,2.4249978065490723,0.9649989128112791,1.284998321533203,1.0,False,False
R02ZF,408,13600,PARALLEL_BOUNDARY_PAIR_A_B,0.7032967032967034,2.5999977588653564,0.8499987125396729,1.2999982833862305,1.0,False,False
R02ZF,409,13633,PARALLEL_BOUNDARY_PAIR_A_B,0.5714285714285714,2.5249977111816406,0.7199989795684814,1.0349987506866452,1.0,False,False
R02ZF,410,13667,PARALLEL_BOUNDARY_PAIR_A_B,0.5714285714285714,2.2999980449676514,0.7499992847442627,0.8999991416931152,1.0,False,False
R02ZF,411,13700,PARALLEL_BOUNDARY_PAIR_A_B,0.6813186813186813,2.5249979496002197,0.5249993801116943,0.8999991416931152,1.0,True,False
R02ZF,412,13733,PARALLEL_BOUNDARY_PAIR_A_B,0.7472527472527473,2.749997615814209,0.5999994277954102,0.9999990463256836,1.0,False,False
R02ZF,413,13767,PARALLEL_BOUNDARY_PAIR_A_B,0.7582417582417582,2.5999975204467773,0.5999994277954102,1.0099989891052248,1.0,False,False
R02ZF,414,13800,PARALLEL_BOUNDARY_PAIR_A_B,0.7142857142857143,2.5999975204467773,0.8699990749359133,1.0899988174438477,1.0,False,False
R02ZF,415,13833,PARALLEL_BOUNDARY_PAIR_A_B,0.6813186813186813,2.6499974727630615,0.6949995517730713,1.1949992656707766,1.0,False,False
R02ZF,416,13867,PARALLEL_BOUNDARY_PAIR_A_B,0.7582417582417582,2.499998092651367,0.8699988365173342,1.1699990272521976,1.0,False,False
R02ZF,417,13900,PARALLEL_BOUNDARY_PAIR_A_B,0.6593406593406593,2.6499974727630615,0.5099992752075196,0.9149991035461427,1.0,False,False
R02ZF,418,13933,PARALLEL_BOUNDARY_PAIR_A_B,0.6153846153846154,2.5499978065490723,0.4999992847442627,0.849999189376831,1.0,False,False
R02ZF,419,13967,PARALLEL_BOUNDARY_PAIR_A_B,0.5824175824175825,2.5999975204467773,0.4499998092651367,0.8499994277954102,1.0,False,False
R02ZF,420,14000,PARALLEL_BOUNDARY_PAIR_A_B,0.6263736263736264,2.5499978065490723,0.5699994087219238,0.9699992179870605,1.0,False,False
R02ZF,421,14033,PARALLEL_BOUNDARY_PAIR_A_B,0.6703296703296703,2.3999977111816406,0.7999992370605469,1.0499992370605469,1.0,False,False
R02ZF,422,14067,PARALLEL_BOUNDARY_PAIR_A_B,0.6923076923076923,2.499998092651367,0.7100000381469735,0.8999991416931152,1.0,False,False
R02ZF,423,14100,PARALLEL_BOUNDARY_PAIR_A_B,0.7472527472527473,2.5999975204467773,0.614999341964722,0.914999055862427,1.0,False,False
R02ZF,424,14133,PARALLEL_BOUNDARY_PAIR_A_B,0.6923076923076923,2.5999975204467773,0.5499992370605469,0.8499993324279784,1.0,False,False
R02ZF,425,14167,PARALLEL_BOUNDARY_PAIR_A_B,0.7472527472527473,2.574997663497925,0.5699997425079352,0.9949992179870613,1.0,False,False
R02ZF,426,14200,PARALLEL_BOUNDARY_PAIR_A_B,0.7472527472527473,2.5249979496002197,0.5749987602233887,0.8999988079071044,1.0,False,False
R02ZF,427,14233,PARALLEL_BOUNDARY_PAIR_A_B,0.7692307692307693,2.799997329711914,0.5999994277954102,0.8549994468688964,1.0,False,False
R02ZF,428,14267,PARALLEL_BOUNDARY_PAIR_A_B,0.7362637362637363,2.499997138977051,0.39999961853027344,0.649998664855957,1.0,True,False
R02ZF,429,14300,PARALLEL_BOUNDARY_PAIR_A_B,0.8461538461538461,2.4499974250793457,0.5499997138977051,0.7999992370605469,1.0,True,False
R02ZF,430,14333,PARALLEL_BOUNDARY_PAIR_A_B,0.8461538461538461,2.3999977111816406,0.6199995040893558,0.8199993133544923,1.0,True,False
R02ZF,431,14367,PARALLEL_BOUNDARY_PAIR_A_B,0.7362637362637363,2.2999982833862305,0.7999992370605469,0.9699992179870605,1.0,True,False
R02ZF,432,14400,PARALLEL_BOUNDARY_PAIR_A_B,0.7582417582417582,2.3999977111816406,0.5099999427795412,0.759999465942383,1.0,True,False
R02ZF,433,14433,PARALLEL_BOUNDARY_PAIR_A_B,0.6703296703296703,2.249998092651367,0.7999992370605469,0.8999991416931152,1.0,False,False
R02ZF,434,14467,PARALLEL_BOUNDARY_PAIR_A_B,0.7032967032967034,2.3499979972839355,0.8849994182586671,1.4349988460540772,1.0,False,False
R02ZF,435,14500,PARALLEL_BOUNDARY_PAIR_A_B,0.7362637362637363,2.2999978065490723,0.7999997138977051,1.209999179840088,1.0,False,False
R02ZF,436,14533,PARALLEL_BOUNDARY_PAIR_A_B,0.6043956043956044,2.2999978065490723,0.7499995231628418,0.8999991416931152,1.0,False,False
R02ZF,437,14567,PARALLEL_BOUNDARY_PAIR_A_B,0.7142857142857143,2.449997901916504,0.6499996185302734,0.7799993515014649,1.0,False,False
R02ZF,438,14600,PARALLEL_BOUNDARY_PAIR_A_B,0.7142857142857143,2.3999977111816406,0.75,0.8599987030029297,1.0,False,False
R02ZF,439,14633,PARALLEL_BOUNDARY_PAIR_A_B,0.6483516483516484,2.3499979972839355,0.7999993324279785,1.3599989891052249,1.0,False,False
R02ZF,440,14667,PARALLEL_BOUNDARY_PAIR_A_B,0.6263736263736264,2.3999977111816406,0.6699996948242187,1.0099993705749508,1.0,False,False
R02ZF,441,14700,PARALLEL_BOUNDARY_PAIR_A_B,0.5714285714285714,2.249997615814209,0.8800000667572019,1.0249992847442626,1.0,False,False
R02ZF,442,14733,PARALLEL_BOUNDARY_PAIR_A_B,0.6483516483516484,2.5999975204467773,0.5500001907348633,0.9499994277954102,1.0,False,False
R02ZF,443,14767,PARALLEL_BOUNDARY_PAIR_A_B,0.6263736263736264,2.6499977111816406,0.5499992370605469,0.9499998092651367,1.0,False,False
R02ZF,444,14800,PARALLEL_BOUNDARY_PAIR_A_B,0.6263736263736264,2.5499978065490723,0.5499992370605469,0.9499988555908203,1.0,False,False
R02ZF,445,14833,PARALLEL_BOUNDARY_PAIR_A_B,0.38461538461538464,2.6999974250793457,0.4499998092651367,0.7999997138977051,1.0,False,False
R02ZF,446,14867,PARALLEL_BOUNDARY_PAIR_A_B,0.5384615384615384,2.6499977111816406,0.4499998092651367,0.8499994277954102,1.0,False,False
R02ZF,447,14900,PARALLEL_BOUNDARY_PAIR_A_B,0.46153846153846156,2.4749975204467773,0.5699997901916504,0.7449995517730712,1.0,True,False
R02ZF,448,14933,PARALLEL_BOUNDARY_PAIR_A_B,0.5934065934065934,2.3999977111816406,0.6999993324279785,0.8699991703033452,1.0,True,False
R02ZF,449,14967,PARALLEL_BOUNDARY_PAIR_A_B,0.6153846153846154,2.7749974727630615,0.5749995708465576,0.8749990463256836,1.0,True,False
R02ZF,450,15000,PARALLEL_BOUNDARY_PAIR_A_B,0.5494505494505495,2.3999977111816406,0.654999589920044,0.9549993038177491,1.0,False,False
R02ZF,451,15033,PARALLEL_BOUNDARY_PAIR_A_B,0.6593406593406593,2.3999977111816406,0.6049993991851808,0.7999987602233887,1.0,False,False
R02ZF,452,15067,PARALLEL_BOUNDARY_PAIR_A_B,0.5824175824175825,2.249997615814209,0.7999992370605469,0.9499987602233886,1.0,False,False
R02ZF,453,15100,PARALLEL_BOUNDARY_PAIR_A_B,0.5164835164835165,2.3499979972839355,0.5999994277954102,0.7999991416931156,1.0,True,False
R02ZF,454,15133,PARALLEL_BOUNDARY_PAIR_A_B,0.5824175824175825,2.3499979972839355,0.5499996185302735,0.7499994277954101,1.0,False,False
R02ZF,455,15167,PARALLEL_BOUNDARY_PAIR_A_B,0.5604395604395604,2.3499975204467773,0.5999999046325684,0.7499995231628418,1.0,False,False
R02ZF,456,15200,PARALLEL_BOUNDARY_PAIR_A_B,0.5604395604395604,2.4499974250793457,0.5499997138977051,0.849998950958252,1.0,False,False
R02ZF,457,15233,PARALLEL_BOUNDARY_PAIR_A_B,0.4835164835164835,2.3499975204467773,0.6699995040893557,0.8199991226196293,1.0,True,False
R02ZF,458,15267,PARALLEL_BOUNDARY_PAIR_A_B,0.4945054945054945,2.449997901916504,0.5499992370605469,0.7999992370605469,1.0,False,False
R02ZF,459,15300,PARALLEL_BOUNDARY_PAIR_A_B,0.45054945054945056,2.3999977111816406,0.5499997138977051,0.7999992370605469,1.0,False,False
R02ZF,460,15333,PARALLEL_BOUNDARY_PAIR_A_B,0.6263736263736264,2.3999977111816406,0.4999995231628418,0.6999993324279785,1.0,True,False
R02ZF,461,15367,PARALLEL_BOUNDARY_PAIR_A_B,0.5494505494505495,2.2999978065490723,0.5999994277954102,0.7499990463256836,1.0,False,False
R02ZF,462,15400,PARALLEL_BOUNDARY_PAIR_A_B,0.5384615384615384,2.3999977111816406,0.5499997138977051,0.6999998092651367,1.0,False,False
R02ZF,463,15433,PARALLEL_BOUNDARY_PAIR_A_B,0.4725274725274725,2.3499975204467773,0.5999999046325684,0.7899992942810057,1.0,False,False
R02ZF,464,15467,PARALLEL_BOUNDARY_PAIR_A_B,0.5934065934065934,2.5249977111816406,0.45999951362609875,0.6999998092651367,1.0,False,False
R02ZF,465,15500,PARALLEL_BOUNDARY_PAIR_A_B,0.5824175824175825,2.3499979972839355,0.5899993896484377,0.7899996757507326,1.0,False,False
R02ZF,466,15533,PARALLEL_BOUNDARY_PAIR_A_B,0.5604395604395604,2.2999978065490723,0.6999993324279785,0.8999996185302734,1.0,False,False
R02ZF,467,15567,PARALLEL_BOUNDARY_PAIR_A_B,0.5824175824175825,2.2999978065490723,0.6999993324279785,0.8499998092651366,1.0,False,False
R02ZF,468,15600,PARALLEL_BOUNDARY_PAIR_A_B,0.6923076923076923,2.249997615814209,0.7299995422363286,0.7499990463256836,1.0,False,False
R02ZF,469,15633,PARALLEL_BOUNDARY_PAIR_A_B,0.5494505494505495,2.2999978065490723,0.7049993038177491,0.8149991512298587,1.0,False,False
R02ZF,470,15667,PARALLEL_BOUNDARY_PAIR_A_B,0.5824175824175825,2.2999978065490723,0.6999993324279785,0.849998950958252,1.0,False,False
R02ZF,471,15700,PARALLEL_BOUNDARY_PAIR_A_B,0.5274725274725275,2.449997663497925,0.5799994468688969,0.8999996185302734,1.0,False,False
R02ZF,472,15733,PARALLEL_BOUNDARY_PAIR_A_B,0.6043956043956044,2.5999975204467773,0.39999961853027344,0.7799993515014649,1.0,False,False
R02ZF,473,15767,PARALLEL_BOUNDARY_PAIR_A_B,0.5714285714285714,2.6499972343444824,0.4499993324279785,0.7999992370605469,1.0,False,False
R02ZF,474,15800,PARALLEL_BOUNDARY_PAIR_A_B,0.5164835164835165,2.6499972343444824,0.4499993324279785,0.7699994087219237,1.0,False,False
R02ZF,475,15833,PARALLEL_BOUNDARY_PAIR_A_B,0.6593406593406593,2.2999978065490723,0.6499996185302734,0.8049996376037596,1.0,False,False
R02ZF,476,15867,PARALLEL_BOUNDARY_PAIR_A_B,0.6043956043956044,2.299997329711914,0.6999998092651367,0.7999992370605469,1.0,False,False
R02ZF,477,15900,PARALLEL_BOUNDARY_PAIR_A_B,0.6153846153846154,2.6999974250793457,0.4999995231628418,0.7999992370605469,1.0,False,False
R02ZF,478,15933,PARALLEL_BOUNDARY_PAIR_A_B,0.32967032967032966,2.874997138977051,0.47999944686889656,0.6549991607666015,1.0,False,False
R02ZF,479,15967,PARALLEL_BOUNDARY_PAIR_A_B,0.42857142857142855,2.9499974250793457,0.6600000381469728,0.8999994277954109,1.0,False,False
R02ZF,480,16000,PARALLEL_BOUNDARY_PAIR_A_B,0.32967032967032966,2.799997329711914,0.6999993324279785,1.1549991130828858,1.0,False,False
R02ZF,481,16033,PARALLEL_BOUNDARY_PAIR_A_B,0.3956043956043956,2.874997138977051,0.375,0.5499997138977051,1.0,False,False
R02ZF,482,16067,PARALLEL_BOUNDARY_PAIR_A_B,0.4835164835164835,2.799997329711914,0.39999961853027344,0.6499991416931152,1.0,False,False
R02ZF,483,16100,PARALLEL_BOUNDARY_PAIR_A_B,0.5054945054945055,2.7249975204467773,0.375,0.6999993324279785,1.0,False,False
R02ZF,484,16133,PARALLEL_BOUNDARY_PAIR_A_B,0.5384615384615384,2.6499972343444824,0.7199993133544925,1.1599987030029295,1.0,False,False
R02ZF,485,16167,PARALLEL_BOUNDARY_PAIR_A_B,0.5714285714285714,2.6499974727630615,0.5449994564056396,0.8449989795684814,1.0,False,False
R02ZF,486,16200,PARALLEL_BOUNDARY_PAIR_A_B,0.6153846153846154,2.299997329711914,0.9749982357025146,1.574998140335083,1.0,False,False
R02ZF,487,16233,PARALLEL_BOUNDARY_PAIR_A_B,0.6263736263736264,2.299997329711914,0.75,1.009998893737793,1.0,False,False
R02ZF,488,16267,PARALLEL_BOUNDARY_PAIR_A_B,0.6263736263736264,2.4499974250793457,0.6499996185302734,1.0999987602233887,1.0,False,False
R02ZF,489,16300,PARALLEL_BOUNDARY_PAIR_A_B,0.5494505494505495,2.3499979972839355,0.7599990129470826,0.8999987125396727,1.0,False,False
R02ZF,490,16333,PARALLEL_BOUNDARY_PAIR_A_B,0.5384615384615384,2.6999974250793457,0.5499997138977051,0.8999991416931152,1.0,False,False
R02ZF,491,16367,PARALLEL_BOUNDARY_PAIR_A_B,0.6153846153846154,2.6499972343444824,0.4999995231628418,0.8999991416931152,1.0,False,False
R02ZF,492,16400,PARALLEL_BOUNDARY_PAIR_A_B,0.5824175824175825,2.6499972343444824,0.4499993324279785,0.849998950958252,1.0,False,False
R02ZF,493,16433,PARALLEL_BOUNDARY_PAIR_A_B,0.5934065934065934,2.5999975204467773,0.4999998569488525,0.8349990367889406,1.0,False,False
R02ZF,494,16467,PARALLEL_BOUNDARY_PAIR_A_B,0.5384615384615384,2.3999977111816406,0.6499991416931152,0.8999991416931152,1.0,False,False
