order_profile_id,segment_id,run_id,track_a,track_b,component_a_count,component_b_count,component_pair_space_size,optical_order_state,sar_order_state,relative_order_compatibility,common_frame_count,shared_response_observed,shared_region_frame_count,order_representation,weighted_score_used,manual_reference_used
TERGOP_098C7BB3AF6E37AAC731,TERGS_E766DA8C46F860D1BA2F,R01ZF,R01ZF_REUSED_R01ZF_PERSON001,R01ZF_REUSED_R01ZF_PERSON002,46,47,2162,ORDER_OVERLAP_OR_UNCERTAIN,SAR_SHARED_RESPONSE_ORDER_UNDEFINED,SHARED_RESPONSE_ORDER_UNDEFINED,16,True,16,SET_VALUED_AGGREGATE_OVER_ALL_EXPLANATION_COMPONENTS,False,False
TERGOP_F1AB7151E32BDD6E2F8A,TERGS_8BEED5994DAAC1AE86CF,R01ZF,R01ZF_REUSED_R01ZF_PERSON001,R01ZF_REUSED_R01ZF_PERSON002,165,171,28215,ORDER_OVERLAP_OR_UNCERTAIN,SAR_SHARED_RESPONSE_ORDER_UNDEFINED,SHARED_RESPONSE_ORDER_UNDEFINED,91,True,91,SET_VALUED_AGGREGATE_OVER_ALL_EXPLANATION_COMPONENTS,False,False
TERGOP_8A57477748AD40FBB518,TERGS_BC5EA4947C3E28B93EB6,R01ZF,R01ZF_REUSED_R01ZF_PERSON001,R01ZF_REUSED_R01ZF_PERSON002,136,140,19040,ORDER_OVERLAP_OR_UNCERTAIN,SAR_SHARED_RESPONSE_ORDER_UNDEFINED,SHARED_RESPONSE_ORDER_UNDEFINED,75,True,75,SET_VALUED_AGGREGATE_OVER_ALL_EXPLANATION_COMPONENTS,False,False
TERGOP_010AF7BD9917A49F295C,TERGS_BC5EA4947C3E28B93EB6,R01ZF,R01ZF_REUSED_R01ZF_PERSON001,R01ZF_REUSED_R01ZF_PERSON003,136,117,15912,A_RIGHT_OF_B,SAR_ORDER_SET_VALUED,SHARED_RESPONSE_ORDER_UNDEFINED,75,True,31,SET_VALUED_AGGREGATE_OVER_ALL_EXPLANATION_COMPONENTS,False,False
TERGOP_FD8C3713741ADFA1BB40,TERGS_BC5EA4947C3E28B93EB6,R01ZF,R01ZF_REUSED_R01ZF_PERSON002,R01ZF_REUSED_R01ZF_PERSON003,140,117,16380,A_RIGHT_OF_B,SAR_ORDER_SET_VALUED,SHARED_RESPONSE_ORDER_UNDEFINED,75,True,27,SET_VALUED_AGGREGATE_OVER_ALL_EXPLANATION_COMPONENTS,False,False
TERGOP_F89BC91A935970CC3391,TERGS_BDFB23ADB9531057AE1C,R01ZF,R01ZF_REUSED_R01ZF_PERSON002,R01ZF_REUSED_R01ZF_PERSON003,140,117,16380,A_RIGHT_OF_B,SAR_ORDER_SET_VALUED,SHARED_RESPONSE_ORDER_UNDEFINED,75,True,27,SET_VALUED_AGGREGATE_OVER_ALL_EXPLANATION_COMPONENTS,False,False
TERGOP_5E038C6017A4AF6B1539,TERGS_447E05427C2D6C44CC40,R01ZF,R01ZF_REUSED_R01ZF_PERSON001,R01ZF_REUSED_R01ZF_PERSON003,137,126,17262,A_RIGHT_OF_B,SAR_ORDER_SET_VALUED,SHARED_RESPONSE_ORDER_UNDEFINED,79,True,31,SET_VALUED_AGGREGATE_OVER_ALL_EXPLANATION_COMPONENTS,False,False
TERGOP_9069CEDF864C3040D353,TERGS_1CFF140A9BB35DBEE86F,R01ZF,R01ZF_REUSED_R01ZF_PERSON001,R01ZF_REUSED_R01ZF_PERSON002,26,27,702,ORDER_OVERLAP_OR_UNCERTAIN,SAR_SHARED_RESPONSE_ORDER_UNDEFINED,SHARED_RESPONSE_ORDER_UNDEFINED,8,True,8,SET_VALUED_AGGREGATE_OVER_ALL_EXPLANATION_COMPONENTS,False,False
TERGOP_3B374113C4DD6990184A,TERGS_1CFF140A9BB35DBEE86F,R01ZF,R01ZF_REUSED_R01ZF_PERSON001,R01ZF_REUSED_R01ZF_PERSON003,26,14,364,A_RIGHT_OF_B,SAR_SHARED_RESPONSE_ORDER_UNDEFINED,SHARED_RESPONSE_ORDER_UNDEFINED,8,True,8,SET_VALUED_AGGREGATE_OVER_ALL_EXPLANATION_COMPONENTS,False,False
TERGOP_092CA6D45BC99D9E73EB,TERGS_1CFF140A9BB35DBEE86F,R01ZF,R01ZF_REUSED_R01ZF_PERSON002,R01ZF_REUSED_R01ZF_PERSON003,27,14,378,A_RIGHT_OF_B,SAR_SHARED_RESPONSE_ORDER_UNDEFINED,SHARED_RESPONSE_ORDER_UNDEFINED,8,True,8,SET_VALUED_AGGREGATE_OVER_ALL_EXPLANATION_COMPONENTS,False,False
TERGOP_8E0D94B62305675DA5AC,TERGS_4DCF92A4ED1645C80C30,R01ZF,R01ZF_REUSED_R01ZF_PERSON001,R01ZF_REUSED_R01ZF_PERSON002,28,29,812,ORDER_OVERLAP_OR_UNCERTAIN,SAR_SHARED_RESPONSE_ORDER_UNDEFINED,SHARED_RESPONSE_ORDER_UNDEFINED,8,True,8,SET_VALUED_AGGREGATE_OVER_ALL_EXPLANATION_COMPONENTS,False,False
TERGOP_C848B98F5103131ECADE,TERGS_4DCF92A4ED1645C80C30,R01ZF,R01ZF_REUSED_R01ZF_PERSON001,R01ZF_REUSED_R01ZF_PERSON003,28,13,364,A_RIGHT_OF_B,SAR_ORDER_SET_VALUED,SHARED_RESPONSE_ORDER_UNDEFINED,8,True,7,SET_VALUED_AGGREGATE_OVER_ALL_EXPLANATION_COMPONENTS,False,False
TERGOP_80125FFAF8F65436A1DC,TERGS_4DCF92A4ED1645C80C30,R01ZF,R01ZF_REUSED_R01ZF_PERSON002,R01ZF_REUSED_R01ZF_PERSON003,29,13,377,A_RIGHT_OF_B,SAR_ORDER_SET_VALUED,SHARED_RESPONSE_ORDER_UNDEFINED,8,True,7,SET_VALUED_AGGREGATE_OVER_ALL_EXPLANATION_COMPONENTS,False,False
TERGOP_F1E7B8BD08B6B698C326,TERGS_D939CE55686A60BC97A8,R01ZF,R01ZF_REUSED_R01ZF_PERSON001,R01ZF_REUSED_R01ZF_PERSON002,30,33,990,ORDER_OVERLAP_OR_UNCERTAIN,SAR_SHARED_RESPONSE_ORDER_UNDEFINED,SHARED_RESPONSE_ORDER_UNDEFINED,8,True,8,SET_VALUED_AGGREGATE_OVER_ALL_EXPLANATION_COMPONENTS,False,False
TERGOP_0CFEEE44038B08B33769,TERGS_D939CE55686A60BC97A8,R01ZF,R01ZF_REUSED_R01ZF_PERSON001,R01ZF_REUSED_R01ZF_PERSON003,30,15,450,A_RIGHT_OF_B,SAR_ORDER_SET_VALUED,SHARED_RESPONSE_ORDER_UNDEFINED,8,True,4,SET_VALUED_AGGREGATE_OVER_ALL_EXPLANATION_COMPONENTS,False,False
TERGOP_19EF744EFC8717F6F813,TERGS_D939CE55686A60BC97A8,R01ZF,R01ZF_REUSED_R01ZF_PERSON002,R01ZF_REUSED_R01ZF_PERSON003,33,15,495,A_RIGHT_OF_B,SAR_ORDER_SET_VALUED,SHARED_RESPONSE_ORDER_UNDEFINED,8,True,4,SET_VALUED_AGGREGATE_OVER_ALL_EXPLANATION_COMPONENTS,False,False
TERGOP_EDCC6D1C572F4032018F,TERGS_6E3564DE2B9BCF7CE7F6,R01ZF,R01ZF_REUSED_R01ZF_PERSON001,R01ZF_REUSED_R01ZF_PERSON002,29,30,870,ORDER_OVERLAP_OR_UNCERTAIN,SAR_SHARED_RESPONSE_ORDER_UNDEFINED,SHARED_RESPONSE_ORDER_UNDEFINED,8,True,8,SET_VALUED_AGGREGATE_OVER_ALL_EXPLANATION_COMPONENTS,False,False
TERGOP_63C58ED3472CE7C59E07,TERGS_6E3564DE2B9BCF7CE7F6,R01ZF,R01ZF_REUSED_R01ZF_PERSON001,R01ZF_REUSED_R01ZF_PERSON003,29,17,493,A_RIGHT_OF_B,SAR_ORDER_SET_VALUED,SHARED_RESPONSE_ORDER_UNDEFINED,8,True,3,SET_VALUED_AGGREGATE_OVER_ALL_EXPLANATION_COMPONENTS,False,False
TERGOP_B64D98653BFC04C6ED9A,TERGS_6E3564DE2B9BCF7CE7F6,R01ZF,R01ZF_REUSED_R01ZF_PERSON002,R01ZF_REUSED_R01ZF_PERSON003,30,17,510,A_RIGHT_OF_B,SAR_ORDER_SET_VALUED,SHARED_RESPONSE_ORDER_UNDEFINED,8,True,3,SET_VALUED_AGGREGATE_OVER_ALL_EXPLANATION_COMPONENTS,False,False
TERGOP_A75EB123ED4EA1E538A7,TERGS_F01D7DE8D068D8533122,R01ZF,R01ZF_REUSED_R01ZF_PERSON001,R01ZF_REUSED_R01ZF_PERSON002,33,24,792,ORDER_OVERLAP_OR_UNCERTAIN,SAR_SHARED_RESPONSE_ORDER_UNDEFINED,SHARED_RESPONSE_ORDER_UNDEFINED,8,True,8,SET_VALUED_AGGREGATE_OVER_ALL_EXPLANATION_COMPONENTS,False,False
TERGOP_4129E34EE8EEB87DDE6B,TERGS_F01D7DE8D068D8533122,R01ZF,R01ZF_REUSED_R01ZF_PERSON001,R01ZF_REUSED_R01ZF_PERSON003,33,26,858,A_RIGHT_OF_B,SAR_ORDER_SET_VALUED,SHARED_RESPONSE_ORDER_UNDEFINED,8,True,7,SET_VALUED_AGGREGATE_OVER_ALL_EXPLANATION_COMPONENTS,False,False
TERGOP_CBCFAD6F5BE990615771,TERGS_F01D7DE8D068D8533122,R01ZF,R01ZF_REUSED_R01ZF_PERSON002,R01ZF_REUSED_R01ZF_PERSON003,24,26,624,A_RIGHT_OF_B,SAR_ORDER_SET_VALUED,SHARED_RESPONSE_ORDER_UNDEFINED,8,True,7,SET_VALUED_AGGREGATE_OVER_ALL_EXPLANATION_COMPONENTS,False,False
TERGOP_EB6CCAB0DAAA1E055CD1,TERGS_2329DA3AFF8E7609BCB2,R01ZF,R01ZF_REUSED_R01ZF_PERSON001,R01ZF_REUSED_R01ZF_PERSON002,26,24,624,ORDER_OVERLAP_OR_UNCERTAIN,SAR_SHARED_RESPONSE_ORDER_UNDEFINED,SHARED_RESPONSE_ORDER_UNDEFINED,8,True,8,SET_VALUED_AGGREGATE_OVER_ALL_EXPLANATION_COMPONENTS,False,False
TERGOP_7B1DFFF1BD03840B97B5,TERGS_2329DA3AFF8E7609BCB2,R01ZF,R01ZF_REUSED_R01ZF_PERSON001,R01ZF_REUSED_R01ZF_PERSON003,26,23,598,A_RIGHT_OF_B,A_RIGHT_OF_B,ORDER_SUPPORTIVE,8,False,0,SET_VALUED_AGGREGATE_OVER_ALL_EXPLANATION_COMPONENTS,False,False
TERGOP_E34BD258DD9BFD085526,TERGS_2329DA3AFF8E7609BCB2,R01ZF,R01ZF_REUSED_R01ZF_PERSON002,R01ZF_REUSED_R01ZF_PERSON003,24,23,552,A_RIGHT_OF_B,A_RIGHT_OF_B,ORDER_SUPPORTIVE,8,False,0,SET_VALUED_AGGREGATE_OVER_ALL_EXPLANATION_COMPONENTS,False,False
TERGOP_9038682A68020427B4C7,TERGS_5CE262A17741C5FC8BFB,R02ZF,R02ZF_REUSED_R02ZF_PERSON017,R02ZF_REUSED_R02ZF_PERSON018,10,10,100,A_LEFT_OF_B,SAR_SHARED_RESPONSE_ORDER_UNDEFINED,SHARED_RESPONSE_ORDER_UNDEFINED,5,True,5,SET_VALUED_AGGREGATE_OVER_ALL_EXPLANATION_COMPONENTS,False,False
TERGOP_5DC518443F94454B8E13,TERGS_DA539F692DB3CF52F38F,R02ZF,R02ZF_REUSED_R02ZF_PERSON017,R02ZF_REUSED_R02ZF_PERSON018,10,11,110,A_LEFT_OF_B,SAR_SHARED_RESPONSE_ORDER_UNDEFINED,SHARED_RESPONSE_ORDER_UNDEFINED,6,True,6,SET_VALUED_AGGREGATE_OVER_ALL_EXPLANATION_COMPONENTS,False,False
TERGOP_B7089067C25D468826C9,TERGS_A6E046163A60B75E621B,R02ZF,R02ZF_REUSED_R02ZF_PERSON017,R02ZF_REUSED_R02ZF_PERSON018,19,17,323,A_LEFT_OF_B,SAR_SHARED_RESPONSE_ORDER_UNDEFINED,SHARED_RESPONSE_ORDER_UNDEFINED,9,True,9,SET_VALUED_AGGREGATE_OVER_ALL_EXPLANATION_COMPONENTS,False,False
TERGOP_16D7746183432655D65A,TERGS_6436F78EE3B62E359C28,R02ZF,R02ZF_REUSED_R02ZF_PERSON017,R02ZF_REUSED_R02ZF_PERSON018,48,40,1920,A_LEFT_OF_B,SAR_SHARED_RESPONSE_ORDER_UNDEFINED,SHARED_RESPONSE_ORDER_UNDEFINED,23,True,23,SET_VALUED_AGGREGATE_OVER_ALL_EXPLANATION_COMPONENTS,False,False
TERGOP_14D185AC4AAF28B8675F,TERGS_D848C6E5AC73E1AEEFDA,R02ZF,R02ZF_REUSED_R02ZF_PERSON017,R02ZF_REUSED_R02ZF_PERSON018,20,17,340,A_LEFT_OF_B,SAR_SHARED_RESPONSE_ORDER_UNDEFINED,SHARED_RESPONSE_ORDER_UNDEFINED,8,True,8,SET_VALUED_AGGREGATE_OVER_ALL_EXPLANATION_COMPONENTS,False,False
TERGOP_11A469429C8A81905FE0,TERGS_D848C6E5AC73E1AEEFDA,R02ZF,R02ZF_REUSED_R02ZF_PERSON017,R02ZF_REUSED_R02ZF_PERSON021,20,14,280,A_RIGHT_OF_B,SAR_ORDER_SET_VALUED,SHARED_RESPONSE_ORDER_UNDEFINED,7,True,4,SET_VALUED_AGGREGATE_OVER_ALL_EXPLANATION_COMPONENTS,False,False
TERGOP_76426792894736EAE2FA,TERGS_D848C6E5AC73E1AEEFDA,R02ZF,R02ZF_REUSED_R02ZF_PERSON017,R02ZF_REUSED_R02ZF_PERSON023,20,4,80,A_RIGHT_OF_B,SAR_ORDER_SET_VALUED,SHARED_RESPONSE_ORDER_UNDEFINED,2,True,1,SET_VALUED_AGGREGATE_OVER_ALL_EXPLANATION_COMPONENTS,False,False
TERGOP_AC9A48B9A7E1E597943C,TERGS_D848C6E5AC73E1AEEFDA,R02ZF,R02ZF_REUSED_R02ZF_PERSON018,R02ZF_REUSED_R02ZF_PERSON021,17,14,238,A_RIGHT_OF_B,SAR_ORDER_SET_VALUED,SHARED_RESPONSE_ORDER_UNDEFINED,7,True,3,SET_VALUED_AGGREGATE_OVER_ALL_EXPLANATION_COMPONENTS,False,False
TERGOP_FC72507364123FBBF947,TERGS_D848C6E5AC73E1AEEFDA,R02ZF,R02ZF_REUSED_R02ZF_PERSON018,R02ZF_REUSED_R02ZF_PERSON023,17,4,68,A_RIGHT_OF_B,A_RIGHT_OF_B,ORDER_SUPPORTIVE,2,False,0,SET_VALUED_AGGREGATE_OVER_ALL_EXPLANATION_COMPONENTS,False,False
TERGOP_82A10650D3B8E3892C57,TERGS_D848C6E5AC73E1AEEFDA,R02ZF,R02ZF_REUSED_R02ZF_PERSON021,R02ZF_REUSED_R02ZF_PERSON023,14,4,56,ORDER_OVERLAP_OR_UNCERTAIN,SAR_SHARED_RESPONSE_ORDER_UNDEFINED,SHARED_RESPONSE_ORDER_UNDEFINED,2,True,2,SET_VALUED_AGGREGATE_OVER_ALL_EXPLANATION_COMPONENTS,False,False
TERGOP_7EAEA1F706B74D0CEA0E,TERGS_E7F91D8684FAAF6A9219,R02ZF,R02ZF_REUSED_R02ZF_PERSON017,R02ZF_REUSED_R02ZF_PERSON018,14,11,154,A_LEFT_OF_B,SAR_SHARED_RESPONSE_ORDER_UNDEFINED,SHARED_RESPONSE_ORDER_UNDEFINED,5,True,5,SET_VALUED_AGGREGATE_OVER_ALL_EXPLANATION_COMPONENTS,False,False
TERGOP_722FF98E6AE0A93EBAC5,TERGS_E7F91D8684FAAF6A9219,R02ZF,R02ZF_REUSED_R02ZF_PERSON017,R02ZF_REUSED_R02ZF_PERSON021,14,9,126,A_RIGHT_OF_B,SAR_ORDER_SET_VALUED,SHARED_RESPONSE_ORDER_UNDEFINED,5,True,2,SET_VALUED_AGGREGATE_OVER_ALL_EXPLANATION_COMPONENTS,False,False
TERGOP_502E22A20AD671392149,TERGS_E7F91D8684FAAF6A9219,R02ZF,R02ZF_REUSED_R02ZF_PERSON018,R02ZF_REUSED_R02ZF_PERSON021,11,9,99,A_RIGHT_OF_B,SAR_ORDER_SET_VALUED,SHARED_RESPONSE_ORDER_UNDEFINED,5,True,1,SET_VALUED_AGGREGATE_OVER_ALL_EXPLANATION_COMPONENTS,False,False
TERGOP_2DAB70CC63B33B860E98,TERGS_60EB5053F2693E18D58B,R02ZF,R02ZF_REUSED_R02ZF_PERSON017,R02ZF_REUSED_R02ZF_PERSON018,19,16,304,A_LEFT_OF_B,SAR_SHARED_RESPONSE_ORDER_UNDEFINED,SHARED_RESPONSE_ORDER_UNDEFINED,8,True,8,SET_VALUED_AGGREGATE_OVER_ALL_EXPLANATION_COMPONENTS,False,False
TERGOP_DCF984A8A07A8435C1B5,TERGS_60EB5053F2693E18D58B,R02ZF,R02ZF_REUSED_R02ZF_PERSON017,R02ZF_REUSED_R02ZF_PERSON021,19,17,323,A_RIGHT_OF_B,SAR_ORDER_SET_VALUED,SHARED_RESPONSE_ORDER_UNDEFINED,8,True,5,SET_VALUED_AGGREGATE_OVER_ALL_EXPLANATION_COMPONENTS,False,False
TERGOP_254F224FC00AFA005ECA,TERGS_60EB5053F2693E18D58B,R02ZF,R02ZF_REUSED_R02ZF_PERSON017,R02ZF_REUSED_R02ZF_PERSON023,19,6,114,A_RIGHT_OF_B,SAR_ORDER_SET_VALUED,SHARED_RESPONSE_ORDER_UNDEFINED,3,True,2,SET_VALUED_AGGREGATE_OVER_ALL_EXPLANATION_COMPONENTS,False,False
TERGOP_5D4FBCF5EFEBCB9F38FA,TERGS_60EB5053F2693E18D58B,R02ZF,R02ZF_REUSED_R02ZF_PERSON017,R02ZF_REUSED_R02ZF_PERSON024,19,4,76,A_RIGHT_OF_B,SAR_SHARED_RESPONSE_ORDER_UNDEFINED,SHARED_RESPONSE_ORDER_UNDEFINED,1,True,1,SET_VALUED_AGGREGATE_OVER_ALL_EXPLANATION_COMPONENTS,False,False
TERGOP_7C11C596AAC78813A48B,TERGS_60EB5053F2693E18D58B,R02ZF,R02ZF_REUSED_R02ZF_PERSON018,R02ZF_REUSED_R02ZF_PERSON021,16,17,272,A_RIGHT_OF_B,SAR_ORDER_SET_VALUED,SHARED_RESPONSE_ORDER_UNDEFINED,8,True,4,SET_VALUED_AGGREGATE_OVER_ALL_EXPLANATION_COMPONENTS,False,False
TERGOP_6591FF3E06AFA716311C,TERGS_60EB5053F2693E18D58B,R02ZF,R02ZF_REUSED_R02ZF_PERSON018,R02ZF_REUSED_R02ZF_PERSON023,16,6,96,A_RIGHT_OF_B,A_RIGHT_OF_B,ORDER_SUPPORTIVE,3,False,0,SET_VALUED_AGGREGATE_OVER_ALL_EXPLANATION_COMPONENTS,False,False
TERGOP_C262180A006B74980A57,TERGS_60EB5053F2693E18D58B,R02ZF,R02ZF_REUSED_R02ZF_PERSON018,R02ZF_REUSED_R02ZF_PERSON024,16,4,64,A_RIGHT_OF_B,A_RIGHT_OF_B,ORDER_SUPPORTIVE,1,False,0,SET_VALUED_AGGREGATE_OVER_ALL_EXPLANATION_COMPONENTS,False,False
TERGOP_A135960046DBAC066CAC,TERGS_60EB5053F2693E18D58B,R02ZF,R02ZF_REUSED_R02ZF_PERSON021,R02ZF_REUSED_R02ZF_PERSON023,17,6,102,ORDER_OVERLAP_OR_UNCERTAIN,SAR_SHARED_RESPONSE_ORDER_UNDEFINED,SHARED_RESPONSE_ORDER_UNDEFINED,3,True,3,SET_VALUED_AGGREGATE_OVER_ALL_EXPLANATION_COMPONENTS,False,False
TERGOP_947212180E34CD79A038,TERGS_60EB5053F2693E18D58B,R02ZF,R02ZF_REUSED_R02ZF_PERSON021,R02ZF_REUSED_R02ZF_PERSON024,17,4,68,A_RIGHT_OF_B,SAR_SHARED_RESPONSE_ORDER_UNDEFINED,SHARED_RESPONSE_ORDER_UNDEFINED,1,True,1,SET_VALUED_AGGREGATE_OVER_ALL_EXPLANATION_COMPONENTS,False,False
TERGOP_D6454BA8305867E9032F,TERGS_60EB5053F2693E18D58B,R02ZF,R02ZF_REUSED_R02ZF_PERSON023,R02ZF_REUSED_R02ZF_PERSON024,6,4,24,ORDER_OVERLAP_OR_UNCERTAIN,SAR_SHARED_RESPONSE_ORDER_UNDEFINED,SHARED_RESPONSE_ORDER_UNDEFINED,1,True,1,SET_VALUED_AGGREGATE_OVER_ALL_EXPLANATION_COMPONENTS,False,False
TERGOP_CAA8F67BE7BAB5125923,TERGS_6C426359C612628C7A31,R02ZF,R02ZF_REUSED_R02ZF_PERSON017,R02ZF_REUSED_R02ZF_PERSON021,32,31,992,A_RIGHT_OF_B,SAR_ORDER_SET_VALUED,SHARED_RESPONSE_ORDER_UNDEFINED,14,True,11,SET_VALUED_AGGREGATE_OVER_ALL_EXPLANATION_COMPONENTS,False,False
TERGOP_5FA2D8360F6AE3E97349,TERGS_38238A43231066968F66,R02ZF,R02ZF_REUSED_R02ZF_PERSON018,R02ZF_REUSED_R02ZF_PERSON021,27,31,837,A_RIGHT_OF_B,SAR_ORDER_SET_VALUED,SHARED_RESPONSE_ORDER_UNDEFINED,14,True,10,SET_VALUED_AGGREGATE_OVER_ALL_EXPLANATION_COMPONENTS,False,False
TERGOP_4477223B274F5A04D50A,TERGS_406E06BEE8B19831E091,R02ZF,R02ZF_REUSED_R02ZF_PERSON017,R02ZF_REUSED_R02ZF_PERSON018,23,22,506,A_LEFT_OF_B,SAR_SHARED_RESPONSE_ORDER_UNDEFINED,SHARED_RESPONSE_ORDER_UNDEFINED,8,True,8,SET_VALUED_AGGREGATE_OVER_ALL_EXPLANATION_COMPONENTS,False,False
TERGOP_63B4FAFEADDE19F47114,TERGS_406E06BEE8B19831E091,R02ZF,R02ZF_REUSED_R02ZF_PERSON017,R02ZF_REUSED_R02ZF_PERSON021,23,24,552,A_RIGHT_OF_B,SAR_SHARED_RESPONSE_ORDER_UNDEFINED,SHARED_RESPONSE_ORDER_UNDEFINED,8,True,8,SET_VALUED_AGGREGATE_OVER_ALL_EXPLANATION_COMPONENTS,False,False
TERGOP_48D74BA5015DE1BA7AC5,TERGS_406E06BEE8B19831E091,R02ZF,R02ZF_REUSED_R02ZF_PERSON017,R02ZF_REUSED_R02ZF_PERSON023,23,6,138,A_RIGHT_OF_B,SAR_SHARED_RESPONSE_ORDER_UNDEFINED,SHARED_RESPONSE_ORDER_UNDEFINED,3,True,3,SET_VALUED_AGGREGATE_OVER_ALL_EXPLANATION_COMPONENTS,False,False
TERGOP_37C9F13213E93B74CDF9,TERGS_406E06BEE8B19831E091,R02ZF,R02ZF_REUSED_R02ZF_PERSON017,R02ZF_REUSED_R02ZF_PERSON024,23,11,253,A_RIGHT_OF_B,SAR_ORDER_SET_VALUED,SHARED_RESPONSE_ORDER_UNDEFINED,7,True,6,SET_VALUED_AGGREGATE_OVER_ALL_EXPLANATION_COMPONENTS,False,False
TERGOP_018995BF601CC68894DE,TERGS_406E06BEE8B19831E091,R02ZF,R02ZF_REUSED_R02ZF_PERSON018,R02ZF_REUSED_R02ZF_PERSON021,22,24,528,A_RIGHT_OF_B,SAR_SHARED_RESPONSE_ORDER_UNDEFINED,SHARED_RESPONSE_ORDER_UNDEFINED,8,True,8,SET_VALUED_AGGREGATE_OVER_ALL_EXPLANATION_COMPONENTS,False,False
TERGOP_C549A406C8B9946C62B4,TERGS_406E06BEE8B19831E091,R02ZF,R02ZF_REUSED_R02ZF_PERSON018,R02ZF_REUSED_R02ZF_PERSON023,22,6,132,A_RIGHT_OF_B,SAR_ORDER_SET_VALUED,ORDER_AMBIGUOUS,3,False,0,SET_VALUED_AGGREGATE_OVER_ALL_EXPLANATION_COMPONENTS,False,False
TERGOP_73119F1CF4B51EB04FAE,TERGS_406E06BEE8B19831E091,R02ZF,R02ZF_REUSED_R02ZF_PERSON018,R02ZF_REUSED_R02ZF_PERSON024,22,11,242,A_RIGHT_OF_B,SAR_ORDER_SET_VALUED,SHARED_RESPONSE_ORDER_UNDEFINED,7,True,1,SET_VALUED_AGGREGATE_OVER_ALL_EXPLANATION_COMPONENTS,False,False
TERGOP_A612C9611A000EDCA2ED,TERGS_406E06BEE8B19831E091,R02ZF,R02ZF_REUSED_R02ZF_PERSON021,R02ZF_REUSED_R02ZF_PERSON023,24,6,144,ORDER_OVERLAP_OR_UNCERTAIN,SAR_SHARED_RESPONSE_ORDER_UNDEFINED,SHARED_RESPONSE_ORDER_UNDEFINED,3,True,3,SET_VALUED_AGGREGATE_OVER_ALL_EXPLANATION_COMPONENTS,False,False
TERGOP_C9529519C165E3405BB1,TERGS_406E06BEE8B19831E091,R02ZF,R02ZF_REUSED_R02ZF_PERSON021,R02ZF_REUSED_R02ZF_PERSON024,24,11,264,A_RIGHT_OF_B,SAR_SHARED_RESPONSE_ORDER_UNDEFINED,SHARED_RESPONSE_ORDER_UNDEFINED,7,True,7,SET_VALUED_AGGREGATE_OVER_ALL_EXPLANATION_COMPONENTS,False,False
TERGOP_86A78B8C42A5420EC70A,TERGS_406E06BEE8B19831E091,R02ZF,R02ZF_REUSED_R02ZF_PERSON023,R02ZF_REUSED_R02ZF_PERSON024,6,11,66,ORDER_OVERLAP_OR_UNCERTAIN,SAR_SHARED_RESPONSE_ORDER_UNDEFINED,SHARED_RESPONSE_ORDER_UNDEFINED,2,True,2,SET_VALUED_AGGREGATE_OVER_ALL_EXPLANATION_COMPONENTS,False,False
TERGOP_0F69511D1B61ED85AE0F,TERGS_8D6DB9A2F108568B32AA,R02ZF,R02ZF_REUSED_R02ZF_PERSON017,R02ZF_REUSED_R02ZF_PERSON024,24,11,264,A_RIGHT_OF_B,SAR_ORDER_SET_VALUED,SHARED_RESPONSE_ORDER_UNDEFINED,7,True,6,SET_VALUED_AGGREGATE_OVER_ALL_EXPLANATION_COMPONENTS,False,False
TERGOP_FE8CC8A3F3D1AAD9751D,TERGS_A923293CFBC550AE18D7,R02ZF,R02ZF_REUSED_R02ZF_PERSON018,R02ZF_REUSED_R02ZF_PERSON024,22,11,242,A_RIGHT_OF_B,SAR_ORDER_SET_VALUED,SHARED_RESPONSE_ORDER_UNDEFINED,7,True,1,SET_VALUED_AGGREGATE_OVER_ALL_EXPLANATION_COMPONENTS,False,False
TERGOP_D6C249BC998FC4E6C175,TERGS_F66D1A1E88076E254C22,R02ZF,R02ZF_REUSED_R02ZF_PERSON021,R02ZF_REUSED_R02ZF_PERSON024,21,11,231,A_RIGHT_OF_B,SAR_SHARED_RESPONSE_ORDER_UNDEFINED,SHARED_RESPONSE_ORDER_UNDEFINED,7,True,7,SET_VALUED_AGGREGATE_OVER_ALL_EXPLANATION_COMPONENTS,False,False
TERGOP_C454632AA0854F5C8344,TERGS_48FABD798C7CE3742190,R02ZF,R02ZF_REUSED_R02ZF_PERSON017,R02ZF_REUSED_R02ZF_PERSON018,24,22,528,A_LEFT_OF_B,SAR_SHARED_RESPONSE_ORDER_UNDEFINED,SHARED_RESPONSE_ORDER_UNDEFINED,7,True,7,SET_VALUED_AGGREGATE_OVER_ALL_EXPLANATION_COMPONENTS,False,False
TERGOP_760A5C03BC8FBDEA6FB1,TERGS_48FABD798C7CE3742190,R02ZF,R02ZF_REUSED_R02ZF_PERSON017,R02ZF_REUSED_R02ZF_PERSON021,24,21,504,A_RIGHT_OF_B,SAR_SHARED_RESPONSE_ORDER_UNDEFINED,SHARED_RESPONSE_ORDER_UNDEFINED,7,True,7,SET_VALUED_AGGREGATE_OVER_ALL_EXPLANATION_COMPONENTS,False,False
TERGOP_C72A792DE4AFDB976B33,TERGS_48FABD798C7CE3742190,R02ZF,R02ZF_REUSED_R02ZF_PERSON017,R02ZF_REUSED_R02ZF_PERSON023,24,4,96,A_RIGHT_OF_B,SAR_SHARED_RESPONSE_ORDER_UNDEFINED,SHARED_RESPONSE_ORDER_UNDEFINED,2,True,2,SET_VALUED_AGGREGATE_OVER_ALL_EXPLANATION_COMPONENTS,False,False
TERGOP_171AA4B2C25AA09E6650,TERGS_48FABD798C7CE3742190,R02ZF,R02ZF_REUSED_R02ZF_PERSON017,R02ZF_REUSED_R02ZF_PERSON024,24,11,264,A_RIGHT_OF_B,SAR_ORDER_SET_VALUED,SHARED_RESPONSE_ORDER_UNDEFINED,7,True,6,SET_VALUED_AGGREGATE_OVER_ALL_EXPLANATION_COMPONENTS,False,False
TERGOP_FC1DEFE52A686A34C8FD,TERGS_48FABD798C7CE3742190,R02ZF,R02ZF_REUSED_R02ZF_PERSON018,R02ZF_REUSED_R02ZF_PERSON021,22,21,462,A_RIGHT_OF_B,SAR_SHARED_RESPONSE_ORDER_UNDEFINED,SHARED_RESPONSE_ORDER_UNDEFINED,7,True,7,SET_VALUED_AGGREGATE_OVER_ALL_EXPLANATION_COMPONENTS,False,False
TERGOP_519F52D43FE387A98148,TERGS_48FABD798C7CE3742190,R02ZF,R02ZF_REUSED_R02ZF_PERSON018,R02ZF_REUSED_R02ZF_PERSON023,22,4,88,A_RIGHT_OF_B,SAR_ORDER_SET_VALUED,ORDER_AMBIGUOUS,2,False,0,SET_VALUED_AGGREGATE_OVER_ALL_EXPLANATION_COMPONENTS,False,False
TERGOP_F97D9C1508FAA089A6AA,TERGS_48FABD798C7CE3742190,R02ZF,R02ZF_REUSED_R02ZF_PERSON018,R02ZF_REUSED_R02ZF_PERSON024,22,11,242,A_RIGHT_OF_B,SAR_ORDER_SET_VALUED,SHARED_RESPONSE_ORDER_UNDEFINED,7,True,1,SET_VALUED_AGGREGATE_OVER_ALL_EXPLANATION_COMPONENTS,False,False
TERGOP_AA090A03133C53F2E2FA,TERGS_48FABD798C7CE3742190,R02ZF,R02ZF_REUSED_R02ZF_PERSON021,R02ZF_REUSED_R02ZF_PERSON023,21,4,84,ORDER_OVERLAP_OR_UNCERTAIN,SAR_SHARED_RESPONSE_ORDER_UNDEFINED,SHARED_RESPONSE_ORDER_UNDEFINED,2,True,2,SET_VALUED_AGGREGATE_OVER_ALL_EXPLANATION_COMPONENTS,False,False
TERGOP_B06252F2046CE95112F3,TERGS_48FABD798C7CE3742190,R02ZF,R02ZF_REUSED_R02ZF_PERSON021,R02ZF_REUSED_R02ZF_PERSON024,21,11,231,A_RIGHT_OF_B,SAR_SHARED_RESPONSE_ORDER_UNDEFINED,SHARED_RESPONSE_ORDER_UNDEFINED,7,True,7,SET_VALUED_AGGREGATE_OVER_ALL_EXPLANATION_COMPONENTS,False,False
TERGOP_811670501BC012E56A7D,TERGS_48FABD798C7CE3742190,R02ZF,R02ZF_REUSED_R02ZF_PERSON023,R02ZF_REUSED_R02ZF_PERSON024,4,11,44,ORDER_OVERLAP_OR_UNCERTAIN,SAR_SHARED_RESPONSE_ORDER_UNDEFINED,SHARED_RESPONSE_ORDER_UNDEFINED,2,True,2,SET_VALUED_AGGREGATE_OVER_ALL_EXPLANATION_COMPONENTS,False,False
TERGOP_21BB68DF234FD1F6D818,TERGS_1BB7B9183580C17A201F,R02ZF,R02ZF_REUSED_R02ZF_PERSON017,R02ZF_REUSED_R02ZF_PERSON018,19,18,342,A_LEFT_OF_B,SAR_SHARED_RESPONSE_ORDER_UNDEFINED,SHARED_RESPONSE_ORDER_UNDEFINED,5,True,5,SET_VALUED_AGGREGATE_OVER_ALL_EXPLANATION_COMPONENTS,False,False
TERGOP_C83413088821C21D0B51,TERGS_1BB7B9183580C17A201F,R02ZF,R02ZF_REUSED_R02ZF_PERSON017,R02ZF_REUSED_R02ZF_PERSON021,19,17,323,A_RIGHT_OF_B,SAR_SHARED_RESPONSE_ORDER_UNDEFINED,SHARED_RESPONSE_ORDER_UNDEFINED,5,True,5,SET_VALUED_AGGREGATE_OVER_ALL_EXPLANATION_COMPONENTS,False,False
TERGOP_2BABCC1E30AE8321D03D,TERGS_1BB7B9183580C17A201F,R02ZF,R02ZF_REUSED_R02ZF_PERSON017,R02ZF_REUSED_R02ZF_PERSON024,19,9,171,A_RIGHT_OF_B,SAR_ORDER_SET_VALUED,SHARED_RESPONSE_ORDER_UNDEFINED,5,True,4,SET_VALUED_AGGREGATE_OVER_ALL_EXPLANATION_COMPONENTS,False,False
TERGOP_651A1A0775171CC56EF0,TERGS_1BB7B9183580C17A201F,R02ZF,R02ZF_REUSED_R02ZF_PERSON018,R02ZF_REUSED_R02ZF_PERSON021,18,17,306,A_RIGHT_OF_B,SAR_SHARED_RESPONSE_ORDER_UNDEFINED,SHARED_RESPONSE_ORDER_UNDEFINED,5,True,5,SET_VALUED_AGGREGATE_OVER_ALL_EXPLANATION_COMPONENTS,False,False
TERGOP_9949539919434B3F5B6B,TERGS_1BB7B9183580C17A201F,R02ZF,R02ZF_REUSED_R02ZF_PERSON018,R02ZF_REUSED_R02ZF_PERSON024,18,9,162,A_RIGHT_OF_B,SAR_ORDER_SET_VALUED,SHARED_RESPONSE_ORDER_UNDEFINED,5,True,1,SET_VALUED_AGGREGATE_OVER_ALL_EXPLANATION_COMPONENTS,False,False
TERGOP_D7110606732DBB2EBA25,TERGS_1BB7B9183580C17A201F,R02ZF,R02ZF_REUSED_R02ZF_PERSON021,R02ZF_REUSED_R02ZF_PERSON024,17,9,153,A_RIGHT_OF_B,SAR_SHARED_RESPONSE_ORDER_UNDEFINED,SHARED_RESPONSE_ORDER_UNDEFINED,5,True,5,SET_VALUED_AGGREGATE_OVER_ALL_EXPLANATION_COMPONENTS,False,False
TERGOP_FA75635301AC2DFA121C,TERGS_CAAB4EA22C44536DF2CC,R02ZF,R02ZF_REUSED_R02ZF_PERSON017,R02ZF_REUSED_R02ZF_PERSON018,19,18,342,A_LEFT_OF_B,SAR_SHARED_RESPONSE_ORDER_UNDEFINED,SHARED_RESPONSE_ORDER_UNDEFINED,5,True,5,SET_VALUED_AGGREGATE_OVER_ALL_EXPLANATION_COMPONENTS,False,False
TERGOP_16BAF2A3DCB6B02EC0F2,TERGS_CAAB4EA22C44536DF2CC,R02ZF,R02ZF_REUSED_R02ZF_PERSON017,R02ZF_REUSED_R02ZF_PERSON021,19,17,323,A_RIGHT_OF_B,SAR_SHARED_RESPONSE_ORDER_UNDEFINED,SHARED_RESPONSE_ORDER_UNDEFINED,5,True,5,SET_VALUED_AGGREGATE_OVER_ALL_EXPLANATION_COMPONENTS,False,False
TERGOP_A9676C55D33CF40BB72A,TERGS_CAAB4EA22C44536DF2CC,R02ZF,R02ZF_REUSED_R02ZF_PERSON017,R02ZF_REUSED_R02ZF_PERSON024,19,9,171,A_RIGHT_OF_B,SAR_ORDER_SET_VALUED,SHARED_RESPONSE_ORDER_UNDEFINED,5,True,4,SET_VALUED_AGGREGATE_OVER_ALL_EXPLANATION_COMPONENTS,False,False
TERGOP_E35C61AA49E6DF33BD89,TERGS_CAAB4EA22C44536DF2CC,R02ZF,R02ZF_REUSED_R02ZF_PERSON018,R02ZF_REUSED_R02ZF_PERSON021,18,17,306,A_RIGHT_OF_B,SAR_SHARED_RESPONSE_ORDER_UNDEFINED,SHARED_RESPONSE_ORDER_UNDEFINED,5,True,5,SET_VALUED_AGGREGATE_OVER_ALL_EXPLANATION_COMPONENTS,False,False
TERGOP_6996771EFB942BB2EF38,TERGS_CAAB4EA22C44536DF2CC,R02ZF,R02ZF_REUSED_R02ZF_PERSON018,R02ZF_REUSED_R02ZF_PERSON024,18,9,162,A_RIGHT_OF_B,SAR_ORDER_SET_VALUED,SHARED_RESPONSE_ORDER_UNDEFINED,5,True,1,SET_VALUED_AGGREGATE_OVER_ALL_EXPLANATION_COMPONENTS,False,False
TERGOP_32E261730C4D9B341904,TERGS_CAAB4EA22C44536DF2CC,R02ZF,R02ZF_REUSED_R02ZF_PERSON021,R02ZF_REUSED_R02ZF_PERSON024,17,9,153,A_RIGHT_OF_B,SAR_SHARED_RESPONSE_ORDER_UNDEFINED,SHARED_RESPONSE_ORDER_UNDEFINED,5,True,5,SET_VALUED_AGGREGATE_OVER_ALL_EXPLANATION_COMPONENTS,False,False
